instance_id,cf_id,intervention_type,intervention_value,orig_age,orig_sex,orig_cp,orig_trestbps,orig_chol,orig_fbs,orig_restecg,orig_thalach,orig_exang,orig_oldpeak,orig_slope,orig_target,cf_age,cf_sex,cf_cp,cf_trestbps,cf_chol,cf_fbs,cf_restecg,cf_thalach,cf_exang,cf_oldpeak,cf_slope,cf_target,dist_cp,change_cp,pct_change_cp,dist_trestbps,change_trestbps,pct_change_trestbps,dist_fbs,change_fbs,pct_change_fbs,dist_restecg,change_restecg,pct_change_restecg,dist_thalach,change_thalach,pct_change_thalach,dist_exang,change_exang,pct_change_exang,dist_oldpeak,change_oldpeak,pct_change_oldpeak,dist_slope,change_slope,pct_change_slope,euclidean_distance,manhattan_distance,target_changed
0,0,chol,170,58.0,1.0,4.0,136.0,203.0,1.0,0.0,123.0,1.0,1.2,2.0,1.0,58.0,1.0,4.0,127.0,170.0,1.0,2.0,90.0,1.0,1.0,3.0,1.0,0.0,0.0,0.0,9.0,-9.0,-6.61764705882353,0.0,0.0,0.0,2.0,2.0,,33.0,-33.0,-26.82926829268293,0.0,0.0,0.0,0.19999999999999996,-0.19999999999999996,-16.666666666666664,1.0,1.0,50.0,34.27885645700568,45.2,0
0,1,chol,172,58.0,1.0,4.0,136.0,203.0,1.0,0.0,123.0,1.0,1.2,2.0,1.0,58.0,1.0,4.0,144.0,172.0,1.0,1.0,134.0,0.0,1.0,2.0,1.0,0.0,0.0,0.0,8.0,8.0,5.88235294117647,0.0,0.0,0.0,1.0,1.0,,11.0,11.0,8.94308943089431,1.0,-1.0,-100.0,0.19999999999999996,-0.19999999999999996,-16.666666666666664,0.0,0.0,0.0,13.676256797823006,21.2,0
0,2,chol,150,58.0,1.0,4.0,136.0,203.0,1.0,0.0,123.0,1.0,1.2,2.0,1.0,58.0,1.0,3.0,120.0,150.0,1.0,1.0,132.0,0.0,0.4348252761862189,1.0,0.0,1.0,-1.0,-25.0,16.0,-16.0,-11.76470588235294,0.0,0.0,0.0,1.0,1.0,,9.0,9.0,7.317073170731707,1.0,-1.0,-100.0,0.765174723813781,-0.765174723813781,-63.76456031781509,1.0,-1.0,-50.0,18.482031607968956,29.765174723813782,1
0,3,chol,176,58.0,1.0,4.0,136.0,203.0,1.0,0.0,123.0,1.0,1.2,2.0,1.0,58.0,1.0,3.0,123.0,176.0,1.0,1.0,141.0,1.0,1.0651747238137812,2.0,2.0,1.0,-1.0,-25.0,13.0,-13.0,-9.558823529411764,0.0,0.0,0.0,1.0,1.0,,18.0,18.0,14.634146341463413,0.0,0.0,0.0,0.13482527618621876,-0.13482527618621876,-11.235439682184897,0.0,0.0,0.0,22.249003974450154,33.13482527618622,0
