instance_id,cf_id,euclidean_distance,manhattan_distance,cp,trestbps,fbs,restecg,thalach,exang,oldpeak,slope
0,2,25.57420575501808,34.2,1.0,25.0,0.0,1.0,5.0,1.0,0.19999999999999996,1.0
0,3,40.269591505253686,59.8,1.0,23.0,0.0,0.0,33.0,1.0,0.7999999999999999,1.0
