instance_id,cf_id,intervention_type,intervention_value,orig_age,orig_sex,orig_cp,orig_trestbps,orig_chol,orig_fbs,orig_restecg,orig_thalach,orig_exang,orig_oldpeak,orig_slope,orig_target,cf_age,cf_sex,cf_cp,cf_trestbps,cf_chol,cf_fbs,cf_restecg,cf_thalach,cf_exang,cf_oldpeak,cf_slope,cf_target,dist_cp,change_cp,pct_change_cp,dist_trestbps,change_trestbps,pct_change_trestbps,dist_fbs,change_fbs,pct_change_fbs,dist_restecg,change_restecg,pct_change_restecg,dist_thalach,change_thalach,pct_change_thalach,dist_exang,change_exang,pct_change_exang,dist_oldpeak,change_oldpeak,pct_change_oldpeak,dist_slope,change_slope,pct_change_slope,euclidean_distance,manhattan_distance,target_changed
10,0,chol,166,69.0,1.0,4.0,140.0,208.0,0.0,1.0,140.0,1.0,2.0,2.0,1.0,69.0,1.0,4.0,148.0,166.0,0.0,0.0,146.0,0.0,2.365174723813781,2.0,1.0,0.0,0.0,0.0,8.0,8.0,5.714285714285714,0.0,0.0,,1.0,-1.0,-100.0,6.0,6.0,4.285714285714286,1.0,-1.0,-100.0,0.365174723813781,0.365174723813781,18.25873619068905,0.0,0.0,0.0,10.106104718382472,16.36517472381378,0
10,1,chol,163,69.0,1.0,4.0,140.0,208.0,0.0,1.0,140.0,1.0,2.0,2.0,1.0,69.0,1.0,3.0,143.0,163.0,0.0,0.0,144.0,0.0,1.534825276186219,1.0,0.0,1.0,-1.0,-25.0,3.0,3.0,2.142857142857143,0.0,0.0,,1.0,-1.0,-100.0,4.0,4.0,2.857142857142857,1.0,-1.0,-100.0,0.4651747238137811,-0.4651747238137811,-23.258736190689056,1.0,-1.0,-50.0,5.40521854541287,11.465174723813782,1
10,2,chol,180,69.0,1.0,4.0,140.0,208.0,0.0,1.0,140.0,1.0,2.0,2.0,1.0,69.0,1.0,3.0,108.0,180.0,0.0,0.0,140.0,0.0,1.0651747238137812,2.0,2.0,1.0,-1.0,-25.0,32.0,-32.0,-22.857142857142858,0.0,0.0,,1.0,-1.0,-100.0,0.0,0.0,0.0,1.0,-1.0,-100.0,0.9348252761862188,-0.9348252761862188,-46.74126380931094,0.0,0.0,0.0,32.06047252142421,35.93482527618622,0
10,3,chol,170,69.0,1.0,4.0,140.0,208.0,0.0,1.0,140.0,1.0,2.0,2.0,1.0,69.0,1.0,4.0,122.0,170.0,0.0,0.0,112.0,1.0,3.0,3.0,1.0,0.0,0.0,0.0,18.0,-18.0,-12.857142857142856,0.0,0.0,,1.0,-1.0,-100.0,28.0,-28.0,-20.0,0.0,0.0,0.0,1.0,1.0,50.0,1.0,1.0,50.0,33.331666624997915,49.0,0
10,4,chol,163,69.0,1.0,4.0,140.0,208.0,0.0,1.0,140.0,1.0,2.0,2.0,1.0,69.0,1.0,4.0,128.0,163.0,0.0,0.0,96.0,1.0,2.0,1.0,1.0,0.0,0.0,0.0,12.0,-12.0,-8.571428571428571,0.0,0.0,,1.0,-1.0,-100.0,44.0,-44.0,-31.428571428571427,0.0,0.0,0.0,0.0,0.0,0.0,1.0,-1.0,-50.0,45.628938186199335,58.0,0
