instance_id,cf_id,intervention_type,intervention_value,orig_age,orig_sex,orig_cp,orig_trestbps,orig_chol,orig_fbs,orig_restecg,orig_thalach,orig_exang,orig_oldpeak,orig_slope,orig_target,cf_age,cf_sex,cf_cp,cf_trestbps,cf_chol,cf_fbs,cf_restecg,cf_thalach,cf_exang,cf_oldpeak,cf_slope,cf_target,dist_cp,change_cp,pct_change_cp,dist_trestbps,change_trestbps,pct_change_trestbps,dist_fbs,change_fbs,pct_change_fbs,dist_restecg,change_restecg,pct_change_restecg,dist_thalach,change_thalach,pct_change_thalach,dist_exang,change_exang,pct_change_exang,dist_oldpeak,change_oldpeak,pct_change_oldpeak,dist_slope,change_slope,pct_change_slope,euclidean_distance,manhattan_distance,target_changed
11,0,chol,199,62.0,0.0,4.0,150.0,244.0,0.0,0.0,154.0,1.0,1.4,2.0,1.0,62.0,0.0,1.0,140.0,199.0,0.0,0.0,139.0,0.0,0.0,1.0,0.0,3.0,-3.0,-75.0,10.0,-10.0,-6.666666666666667,0.0,0.0,,0.0,0.0,,15.0,-15.0,-9.740259740259742,1.0,-1.0,-100.0,1.4,-1.4,-100.0,1.0,-1.0,-50.0,18.383688422076784,31.4,1
11,1,chol,199,62.0,0.0,4.0,150.0,244.0,0.0,0.0,154.0,1.0,1.4,2.0,1.0,62.0,0.0,3.0,129.0,199.0,0.0,0.0,133.0,0.0,0.0,1.0,0.0,1.0,-1.0,-25.0,21.0,-21.0,-14.000000000000002,0.0,0.0,,0.0,0.0,,21.0,-21.0,-13.636363636363635,1.0,-1.0,-100.0,1.4,-1.4,-100.0,1.0,-1.0,-50.0,29.78187368182197,46.4,1
11,2,chol,150,62.0,0.0,4.0,150.0,244.0,0.0,0.0,154.0,1.0,1.4,2.0,1.0,62.0,0.0,2.0,142.0,150.0,0.0,0.0,132.0,0.0,0.8,2.0,0.0,2.0,-2.0,-50.0,8.0,-8.0,-5.333333333333334,0.0,0.0,,0.0,0.0,,22.0,-22.0,-14.285714285714285,1.0,-1.0,-100.0,0.5999999999999999,-0.5999999999999999,-42.85714285714285,0.0,0.0,0.0,23.523605165875406,33.6,1
11,3,chol,199,62.0,0.0,4.0,150.0,244.0,0.0,0.0,154.0,1.0,1.4,2.0,1.0,62.0,0.0,3.0,141.0,199.0,0.0,2.0,160.0,0.0,1.9348252761862188,1.0,0.0,1.0,-1.0,-25.0,9.0,-9.0,-6.0,0.0,0.0,,2.0,2.0,,6.0,6.0,3.896103896103896,1.0,-1.0,-100.0,0.5348252761862189,0.5348252761862189,38.201805441872786,1.0,-1.0,-50.0,11.148364816243127,20.53482527618622,1
11,4,chol,204,62.0,0.0,4.0,150.0,244.0,0.0,0.0,154.0,1.0,1.4,2.0,1.0,62.0,0.0,2.0,160.0,204.0,0.0,1.0,185.0,1.0,0.0,1.0,0.0,2.0,-2.0,-50.0,10.0,10.0,6.666666666666667,0.0,0.0,,1.0,1.0,,31.0,31.0,20.12987012987013,0.0,0.0,0.0,1.4,-1.4,-100.0,1.0,-1.0,-50.0,32.69495373907111,46.4,1
