instance_id,cf_id,euclidean_distance,manhattan_distance,cp,trestbps,fbs,restecg,thalach,exang,oldpeak,slope
11,0,21.120302590233095,34.25919394863081,4.0,19.0,0.0,0.0,8.0,1.0,0.2591939486308057,2.0
11,1,23.21551205552012,38.4,1.0,19.0,0.0,2.0,13.0,1.0,1.4,1.0
11,2,11.311940593903417,21.4,2.0,9.0,0.0,0.0,6.0,1.0,1.4,2.0
11,3,43.979664153816124,64.4591939486308,2.0,18.0,0.0,2.0,40.0,1.0,0.45919394863080587,1.0
