instance_id,cf_id,euclidean_distance,manhattan_distance,cp,trestbps,fbs,restecg,thalach,exang,oldpeak,slope
11,0,23.85288242540092,32.4,1.0,23.0,0.0,0.0,6.0,1.0,1.4,0.0
11,1,45.388859749364144,68.38547288808483,1.0,23.0,0.0,2.0,39.0,1.0,0.3854728880848275,2.0
11,2,21.448543074064496,28.2,1.0,4.0,0.0,0.0,21.0,1.0,0.19999999999999996,1.0
11,4,18.57309882599024,28.4,2.0,3.0,0.0,2.0,18.0,1.0,1.4,1.0
