age,sex,cp,trestbps,chol,fbs,restecg,thalach,exang,oldpeak,slope,target,instance_id,cf_id
62,0,0,131,199,0,0,162,0,1.1408060513691942,0,0,11,0
62,0,3,131,199,0,2,167,0,0.0,1,0,11,1
62,0,2,141,150,0,0,160,0,0.0,0,0,11,2
62,0,2,132,199,0,2,114,0,0.940806051369194,3,0,11,3
