instance_id,cf_id,intervention_type,intervention_value,orig_age,orig_sex,orig_cp,orig_trestbps,orig_chol,orig_fbs,orig_restecg,orig_thalach,orig_exang,orig_oldpeak,orig_slope,orig_target,cf_age,cf_sex,cf_cp,cf_trestbps,cf_chol,cf_fbs,cf_restecg,cf_thalach,cf_exang,cf_oldpeak,cf_slope,cf_target,dist_cp,change_cp,pct_change_cp,dist_trestbps,change_trestbps,pct_change_trestbps,dist_fbs,change_fbs,pct_change_fbs,dist_restecg,change_restecg,pct_change_restecg,dist_thalach,change_thalach,pct_change_thalach,dist_exang,change_exang,pct_change_exang,dist_oldpeak,change_oldpeak,pct_change_oldpeak,dist_slope,change_slope,pct_change_slope,euclidean_distance,manhattan_distance,target_changed
12,0,chol,229,56.0,1.0,4.0,137.0,282.0,1.0,0.0,126.0,1.0,1.2,2.0,1.0,56.0,1.0,4.0,145.0,229.0,1.0,0.0,130.0,1.0,1.5,2.0,2.0,0.0,0.0,0.0,8.0,8.0,5.839416058394161,0.0,0.0,0.0,0.0,0.0,,4.0,4.0,3.1746031746031744,0.0,0.0,0.0,0.30000000000000004,0.30000000000000004,25.000000000000007,0.0,0.0,0.0,8.94930164873215,12.3,0
12,1,chol,204,56.0,1.0,4.0,137.0,282.0,1.0,0.0,126.0,1.0,1.2,2.0,1.0,56.0,1.0,2.0,134.0,204.0,1.0,0.0,151.0,0.0,0.0,1.0,0.0,2.0,-2.0,-50.0,3.0,-3.0,-2.18978102189781,0.0,0.0,0.0,0.0,0.0,,25.0,25.0,19.841269841269842,1.0,-1.0,-100.0,1.2,-1.2,-100.0,1.0,-1.0,-50.0,25.326665789242767,33.2,1
12,2,chol,244,56.0,1.0,4.0,137.0,282.0,1.0,0.0,126.0,1.0,1.2,2.0,1.0,56.0,1.0,3.0,121.0,244.0,1.0,0.0,117.0,0.0,4.065174723813781,2.0,1.0,1.0,-1.0,-25.0,16.0,-16.0,-11.678832116788321,0.0,0.0,0.0,0.0,0.0,,9.0,-9.0,-7.142857142857142,1.0,-1.0,-100.0,2.865174723813781,2.865174723813781,238.7645603178151,0.0,0.0,0.0,18.63355108931149,29.86517472381378,0
12,3,chol,209,56.0,1.0,4.0,137.0,282.0,1.0,0.0,126.0,1.0,1.2,2.0,1.0,56.0,1.0,3.0,114.0,209.0,1.0,0.0,140.0,0.0,0.0,1.0,0.0,1.0,-1.0,-25.0,23.0,-23.0,-16.78832116788321,0.0,0.0,0.0,0.0,0.0,,14.0,14.0,11.11111111111111,1.0,-1.0,-100.0,1.2,-1.2,-100.0,1.0,-1.0,-50.0,27.008146919031674,41.2,1
12,4,chol,235,56.0,1.0,4.0,137.0,282.0,1.0,0.0,126.0,1.0,1.2,2.0,1.0,56.0,1.0,4.0,119.0,235.0,1.0,0.0,153.0,1.0,2.065174723813781,2.0,2.0,0.0,0.0,0.0,18.0,-18.0,-13.138686131386862,0.0,0.0,0.0,0.0,0.0,,27.0,27.0,21.428571428571427,0.0,0.0,0.0,0.8651747238137812,0.8651747238137812,72.09789365114844,0.0,0.0,0.0,32.461492992509235,45.86517472381378,0
