instance_id,cf_id,euclidean_distance,manhattan_distance,cp,trestbps,fbs,restecg,thalach,exang,oldpeak,slope
12,0,27.847621083316973,41.7,1.0,24.0,0.0,0.0,14.0,1.0,0.7,1.0
12,2,44.02627281376639,46.559193948630806,1.0,0.0,0.0,0.0,44.0,1.0,0.559193948630806,0.0
