instance_id,cf_id,intervention_type,intervention_value,orig_age,orig_sex,orig_cp,orig_trestbps,orig_chol,orig_fbs,orig_restecg,orig_thalach,orig_exang,orig_oldpeak,orig_slope,orig_target,cf_age,cf_sex,cf_cp,cf_trestbps,cf_chol,cf_fbs,cf_restecg,cf_thalach,cf_exang,cf_oldpeak,cf_slope,cf_target,dist_cp,change_cp,pct_change_cp,dist_trestbps,change_trestbps,pct_change_trestbps,dist_fbs,change_fbs,pct_change_fbs,dist_restecg,change_restecg,pct_change_restecg,dist_thalach,change_thalach,pct_change_thalach,dist_exang,change_exang,pct_change_exang,dist_oldpeak,change_oldpeak,pct_change_oldpeak,dist_slope,change_slope,pct_change_slope,euclidean_distance,manhattan_distance,target_changed
13,0,chol,195,56.0,1.0,4.0,128.0,223.0,0.0,1.0,119.0,1.0,2.0,3.0,1.0,56.0,1.0,3.0,119.0,195.0,0.0,0.0,140.0,1.0,2.6,2.0,1.0,1.0,-1.0,-25.0,9.0,-9.0,-7.03125,0.0,0.0,,1.0,-1.0,-100.0,21.0,21.0,17.647058823529413,0.0,0.0,0.0,0.6000000000000001,0.6000000000000001,30.000000000000004,1.0,-1.0,-33.33333333333333,22.920732972573106,33.6,0
13,1,chol,150,56.0,1.0,4.0,128.0,223.0,0.0,1.0,119.0,1.0,2.0,3.0,1.0,56.0,1.0,3.0,129.0,150.0,0.0,0.0,135.0,0.0,0.0,1.0,0.0,1.0,-1.0,-25.0,1.0,1.0,0.78125,0.0,0.0,,1.0,-1.0,-100.0,16.0,16.0,13.445378151260504,1.0,-1.0,-100.0,2.0,-2.0,-100.0,2.0,-2.0,-66.66666666666666,16.3707055437449,24.0,1
13,2,chol,186,56.0,1.0,4.0,128.0,223.0,0.0,1.0,119.0,1.0,2.0,3.0,1.0,56.0,1.0,2.0,135.0,186.0,0.0,0.0,142.0,1.0,1.2651747238137812,3.0,2.0,2.0,-2.0,-50.0,7.0,7.0,5.46875,0.0,0.0,,1.0,-1.0,-100.0,23.0,23.0,19.327731092436977,0.0,0.0,0.0,0.7348252761862188,-0.7348252761862188,-36.741263809310944,0.0,0.0,0.0,24.156571946087926,33.73482527618622,0
13,3,chol,198,56.0,1.0,4.0,128.0,223.0,0.0,1.0,119.0,1.0,2.0,3.0,1.0,56.0,1.0,4.0,126.0,198.0,0.0,0.0,150.0,1.0,1.0651747238137812,2.0,1.0,0.0,0.0,0.0,2.0,-2.0,-1.5625,0.0,0.0,,1.0,-1.0,-100.0,31.0,31.0,26.05042016806723,0.0,0.0,0.0,0.9348252761862188,-0.9348252761862188,-46.74126380931094,1.0,-1.0,-33.33333333333333,31.110671775083816,35.93482527618622,0
13,4,chol,194,56.0,1.0,4.0,128.0,223.0,0.0,1.0,119.0,1.0,2.0,3.0,1.0,56.0,1.0,3.0,107.0,194.0,0.0,0.0,150.0,1.0,1.0,2.0,1.0,1.0,-1.0,-25.0,21.0,-21.0,-16.40625,0.0,0.0,,1.0,-1.0,-100.0,31.0,31.0,26.05042016806723,0.0,0.0,0.0,1.0,-1.0,-50.0,1.0,-1.0,-33.33333333333333,37.49666651850535,56.0,0
