instance_id,cf_id,euclidean_distance,manhattan_distance,cp,trestbps,fbs,restecg,thalach,exang,oldpeak,slope
13,0,39.293765408777,48.0,1.0,4.0,0.0,0.0,39.0,1.0,2.0,1.0
13,1,47.29693436154187,57.0,1.0,4.0,0.0,1.0,47.0,0.0,1.0,3.0
13,4,61.47357155721473,79.0,0.0,13.0,0.0,1.0,60.0,1.0,2.0,2.0
