instance_id,cf_id,intervention_type,intervention_value,orig_age,orig_sex,orig_cp,orig_trestbps,orig_chol,orig_fbs,orig_restecg,orig_thalach,orig_exang,orig_oldpeak,orig_slope,orig_target,cf_age,cf_sex,cf_cp,cf_trestbps,cf_chol,cf_fbs,cf_restecg,cf_thalach,cf_exang,cf_oldpeak,cf_slope,cf_target,dist_cp,change_cp,pct_change_cp,dist_trestbps,change_trestbps,pct_change_trestbps,dist_fbs,change_fbs,pct_change_fbs,dist_restecg,change_restecg,pct_change_restecg,dist_thalach,change_thalach,pct_change_thalach,dist_exang,change_exang,pct_change_exang,dist_oldpeak,change_oldpeak,pct_change_oldpeak,dist_slope,change_slope,pct_change_slope,euclidean_distance,manhattan_distance,target_changed
14,0,chol,175,55.0,0.0,4.0,128.0,205.0,0.0,1.0,130.0,1.0,2.0,2.0,1.0,55.0,0.0,2.0,135.0,175.0,0.0,0.0,173.0,0.0,0.9348252761862189,1.0,0.0,2.0,-2.0,-50.0,7.0,7.0,5.46875,0.0,0.0,,1.0,-1.0,-100.0,43.0,43.0,33.07692307692307,1.0,-1.0,-100.0,1.0651747238137812,-1.0651747238137812,-53.25873619068906,1.0,-1.0,-50.0,43.65930138232003,56.06517472381378,1
14,1,chol,150,55.0,0.0,4.0,128.0,205.0,0.0,1.0,130.0,1.0,2.0,2.0,1.0,55.0,0.0,4.0,141.0,150.0,0.0,0.0,172.0,0.0,0.0,1.0,0.0,0.0,0.0,0.0,13.0,13.0,10.15625,0.0,0.0,,1.0,-1.0,-100.0,42.0,42.0,32.30769230769231,1.0,-1.0,-100.0,2.0,-2.0,-100.0,1.0,-1.0,-50.0,44.04543109109048,60.0,1
14,2,chol,154,55.0,0.0,4.0,128.0,205.0,0.0,1.0,130.0,1.0,2.0,2.0,1.0,55.0,0.0,4.0,126.0,154.0,0.0,2.0,127.0,0.0,0.0,1.0,0.0,0.0,0.0,0.0,2.0,-2.0,-1.5625,0.0,0.0,,1.0,1.0,100.0,3.0,-3.0,-2.307692307692308,1.0,-1.0,-100.0,2.0,-2.0,-100.0,1.0,-1.0,-50.0,4.47213595499958,10.0,1
14,3,chol,175,55.0,0.0,4.0,128.0,205.0,0.0,1.0,130.0,1.0,2.0,2.0,1.0,55.0,0.0,2.0,156.0,175.0,0.0,2.0,161.0,0.0,0.0,2.0,0.0,2.0,-2.0,-50.0,28.0,28.0,21.875,0.0,0.0,,1.0,1.0,100.0,31.0,31.0,23.846153846153847,1.0,-1.0,-100.0,2.0,-2.0,-100.0,0.0,0.0,0.0,41.892720131306824,65.0,1
14,4,chol,166,55.0,0.0,4.0,128.0,205.0,0.0,1.0,130.0,1.0,2.0,2.0,1.0,55.0,0.0,4.0,139.0,166.0,0.0,1.0,163.0,0.0,0.0,1.0,0.0,0.0,0.0,0.0,11.0,11.0,8.59375,0.0,0.0,,0.0,0.0,0.0,33.0,33.0,25.384615384615383,1.0,-1.0,-100.0,2.0,-2.0,-100.0,1.0,-1.0,-50.0,34.87119154832539,48.0,1
