instance_id,cf_id,euclidean_distance,manhattan_distance,cp,trestbps,fbs,restecg,thalach,exang,oldpeak,slope
14,0,30.09935475742213,35.98547288808483,1.0,30.0,0.0,1.0,1.0,1.0,0.9854728880848276,1.0
14,3,28.193793643282557,35.7,2.0,28.0,0.0,1.0,1.0,1.0,1.7,1.0
