instance_id,cf_id,intervention_type,intervention_value,orig_age,orig_sex,orig_cp,orig_trestbps,orig_chol,orig_fbs,orig_restecg,orig_thalach,orig_exang,orig_oldpeak,orig_slope,orig_target,cf_age,cf_sex,cf_cp,cf_trestbps,cf_chol,cf_fbs,cf_restecg,cf_thalach,cf_exang,cf_oldpeak,cf_slope,cf_target,dist_cp,change_cp,pct_change_cp,dist_trestbps,change_trestbps,pct_change_trestbps,dist_fbs,change_fbs,pct_change_fbs,dist_restecg,change_restecg,pct_change_restecg,dist_thalach,change_thalach,pct_change_thalach,dist_exang,change_exang,pct_change_exang,dist_oldpeak,change_oldpeak,pct_change_oldpeak,dist_slope,change_slope,pct_change_slope,euclidean_distance,manhattan_distance,target_changed
15,0,chol,204,57.0,1.0,4.0,144.0,270.0,1.0,1.0,160.0,1.0,2.0,2.0,1.0,57.0,1.0,3.0,119.0,204.0,1.0,0.0,105.0,1.0,1.365174723813781,2.0,1.0,1.0,-1.0,-25.0,25.0,-25.0,-17.36111111111111,0.0,0.0,0.0,1.0,-1.0,-100.0,55.0,-55.0,-34.375,0.0,0.0,0.0,0.634825276186219,-0.634825276186219,-31.74126380931095,0.0,0.0,0.0,60.435113991216106,82.63482527618622,0
15,1,chol,161,57.0,1.0,4.0,144.0,270.0,1.0,1.0,160.0,1.0,2.0,2.0,1.0,57.0,1.0,3.0,113.0,161.0,1.0,2.0,171.0,0.0,3.0,2.0,-1.0,1.0,-1.0,-25.0,31.0,-31.0,-21.52777777777778,0.0,0.0,0.0,1.0,1.0,100.0,11.0,11.0,6.875000000000001,1.0,-1.0,-100.0,1.0,1.0,50.0,0.0,0.0,0.0,32.95451410656816,46.0,0
15,2,chol,150,57.0,1.0,4.0,144.0,270.0,1.0,1.0,160.0,1.0,2.0,2.0,1.0,57.0,1.0,3.0,154.0,150.0,1.0,0.0,161.0,1.0,1.3,1.0,1.0,1.0,-1.0,-25.0,10.0,10.0,6.944444444444445,0.0,0.0,0.0,1.0,-1.0,-100.0,1.0,1.0,0.625,0.0,0.0,0.0,0.7,-0.7,-35.0,1.0,-1.0,-50.0,10.222035022440492,14.7,0
15,3,chol,150,57.0,1.0,4.0,144.0,270.0,1.0,1.0,160.0,1.0,2.0,2.0,1.0,57.0,1.0,4.0,133.0,150.0,1.0,1.0,158.0,1.0,1.0651747238137812,2.0,1.0,0.0,0.0,0.0,11.0,-11.0,-7.638888888888889,0.0,0.0,0.0,0.0,0.0,0.0,2.0,-2.0,-1.25,0.0,0.0,0.0,0.9348252761862188,-0.9348252761862188,-46.74126380931094,0.0,0.0,0.0,11.219353737938592,13.934825276186219,0
15,4,chol,209,57.0,1.0,4.0,144.0,270.0,1.0,1.0,160.0,1.0,2.0,2.0,1.0,57.0,1.0,4.0,145.0,209.0,1.0,0.0,150.0,1.0,1.0651747238137812,2.0,1.0,0.0,0.0,0.0,1.0,1.0,0.6944444444444444,0.0,0.0,0.0,1.0,-1.0,-100.0,10.0,-10.0,-6.25,0.0,0.0,0.0,0.9348252761862188,-0.9348252761862188,-46.74126380931094,0.0,0.0,0.0,10.142677077428653,12.934825276186219,0
