instance_id,cf_id,euclidean_distance,manhattan_distance,cp,trestbps,fbs,restecg,thalach,exang,oldpeak,slope
16,1,64.04685784642366,92.0,2.0,29.0,0.0,0.0,57.0,0.0,2.0,2.0
16,2,31.984371183438952,49.0,1.0,24.0,0.0,0.0,21.0,0.0,2.0,1.0
16,3,36.4828726939094,47.0,1.0,5.0,0.0,2.0,36.0,0.0,2.0,1.0
16,4,24.743686063317245,37.5,2.0,22.0,0.0,0.0,11.0,0.0,1.5,1.0
