instance_id,cf_id,euclidean_distance,manhattan_distance,cp,trestbps,fbs,restecg,thalach,exang,oldpeak,slope
16,0,34.62600179056196,44.4,2.0,34.0,0.0,0.0,6.0,0.0,1.4,1.0
16,2,32.72613634390714,47.0,0.0,29.0,0.0,0.0,15.0,0.0,2.0,1.0
16,3,58.25804665451803,82.0,2.0,24.0,0.0,2.0,53.0,0.0,0.0,1.0
16,4,47.69611656229067,70.38547288808483,2.0,30.0,0.0,0.0,37.0,0.0,1.3854728880848275,0.0
