instance_id,cf_id,intervention_type,intervention_value,orig_age,orig_sex,orig_cp,orig_trestbps,orig_chol,orig_fbs,orig_restecg,orig_thalach,orig_exang,orig_oldpeak,orig_slope,orig_target,cf_age,cf_sex,cf_cp,cf_trestbps,cf_chol,cf_fbs,cf_restecg,cf_thalach,cf_exang,cf_oldpeak,cf_slope,cf_target,dist_cp,change_cp,pct_change_cp,dist_trestbps,change_trestbps,pct_change_trestbps,dist_fbs,change_fbs,pct_change_fbs,dist_restecg,change_restecg,pct_change_restecg,dist_thalach,change_thalach,pct_change_thalach,dist_exang,change_exang,pct_change_exang,dist_oldpeak,change_oldpeak,pct_change_oldpeak,dist_slope,change_slope,pct_change_slope,euclidean_distance,manhattan_distance,target_changed
17,0,chol,163,54.0,1.0,4.0,140.0,216.0,0.0,0.0,105.0,0.0,1.5,2.0,1.0,54.0,1.0,3.0,183.0,163.0,0.0,0.0,113.0,1.0,1.2651747238137812,2.0,1.0,1.0,-1.0,-25.0,43.0,43.0,30.714285714285715,0.0,0.0,,0.0,0.0,,8.0,8.0,7.6190476190476195,1.0,1.0,,0.23482527618621885,-0.23482527618621885,-15.65501841241459,0.0,0.0,0.0,43.76134301995696,53.23482527618622,0
17,1,chol,191,54.0,1.0,4.0,140.0,216.0,0.0,0.0,105.0,0.0,1.5,2.0,1.0,54.0,1.0,2.0,105.0,191.0,0.0,0.0,131.0,0.0,0.0,1.0,0.0,2.0,-2.0,-50.0,35.0,-35.0,-25.0,0.0,0.0,,0.0,0.0,,26.0,26.0,24.761904761904763,0.0,0.0,,1.5,-1.5,-100.0,1.0,-1.0,-50.0,43.68352092036538,65.5,1
17,2,chol,160,54.0,1.0,4.0,140.0,216.0,0.0,0.0,105.0,0.0,1.5,2.0,1.0,54.0,1.0,3.0,153.0,160.0,0.0,0.0,103.0,1.0,1.7,2.0,1.0,1.0,-1.0,-25.0,13.0,13.0,9.285714285714286,0.0,0.0,,0.0,0.0,,2.0,-2.0,-1.9047619047619049,1.0,1.0,,0.19999999999999996,0.19999999999999996,13.33333333333333,0.0,0.0,0.0,13.230268326832983,17.2,0
17,3,chol,155,54.0,1.0,4.0,140.0,216.0,0.0,0.0,105.0,0.0,1.5,2.0,1.0,54.0,1.0,2.0,131.0,155.0,0.0,2.0,152.0,0.0,1.9348252761862188,1.0,0.0,2.0,-2.0,-50.0,9.0,-9.0,-6.428571428571428,0.0,0.0,,2.0,2.0,,47.0,47.0,44.761904761904766,0.0,0.0,,0.4348252761862188,0.4348252761862188,28.98835174574792,1.0,-1.0,-50.0,47.949859989585065,61.43482527618622,1
17,4,chol,155,54.0,1.0,4.0,140.0,216.0,0.0,0.0,105.0,0.0,1.5,2.0,1.0,54.0,1.0,3.0,137.0,155.0,0.0,2.0,145.0,1.0,1.0651747238137812,2.0,1.0,1.0,-1.0,-25.0,3.0,-3.0,-2.142857142857143,0.0,0.0,,2.0,2.0,,40.0,40.0,38.095238095238095,1.0,1.0,,0.4348252761862188,-0.4348252761862188,-28.98835174574792,0.0,0.0,0.0,40.18941493752814,47.43482527618622,0
