instance_id,cf_id,euclidean_distance,manhattan_distance,cp,trestbps,fbs,restecg,thalach,exang,oldpeak,slope
17,0,36.51350002293762,49.48547288808483,2.0,10.0,0.0,0.0,35.0,0.0,0.4854728880848276,2.0
17,2,56.28027961089301,65.68547288808483,1.0,5.0,0.0,1.0,56.0,0.0,0.6854728880848276,2.0
17,3,56.37597005817283,74.5,1.0,16.0,0.0,2.0,54.0,0.0,0.5,1.0
