instance_id,cf_id,euclidean_distance,manhattan_distance,cp,trestbps,fbs,restecg,thalach,exang,oldpeak,slope
17,0,10.874281585465774,19.5,1.0,8.0,0.0,1.0,7.0,0.0,1.5,1.0
17,1,63.1996385272489,86.4408060513692,0.0,25.0,0.0,2.0,58.0,0.0,0.44080605136919404,1.0
17,3,18.145247311624054,25.5,2.0,6.0,0.0,0.0,17.0,0.0,0.5,0.0
