age,sex,cp,trestbps,chol,fbs,restecg,thalach,exang,oldpeak,slope,target,instance_id,cf_id
54,1,2,130,163,0,0,140,0,1.0145271119151724,0,0,17,0
54,1,3,135,160,0,1,161,0,0.8145271119151724,0,0,17,2
54,1,3,124,155,0,2,159,0,1.0,1,0,17,3
