instance_id,cf_id,intervention_type,intervention_value,orig_age,orig_sex,orig_cp,orig_trestbps,orig_chol,orig_fbs,orig_restecg,orig_thalach,orig_exang,orig_oldpeak,orig_slope,orig_target,cf_age,cf_sex,cf_cp,cf_trestbps,cf_chol,cf_fbs,cf_restecg,cf_thalach,cf_exang,cf_oldpeak,cf_slope,cf_target,dist_cp,change_cp,pct_change_cp,dist_trestbps,change_trestbps,pct_change_trestbps,dist_fbs,change_fbs,pct_change_fbs,dist_restecg,change_restecg,pct_change_restecg,dist_thalach,change_thalach,pct_change_thalach,dist_exang,change_exang,pct_change_exang,dist_oldpeak,change_oldpeak,pct_change_oldpeak,dist_slope,change_slope,pct_change_slope,euclidean_distance,manhattan_distance,target_changed
18,0,chol,199,65.0,1.0,4.0,144.0,312.0,0.0,2.0,113.0,1.0,1.7,2.0,1.0,65.0,1.0,3.0,135.0,199.0,0.0,0.0,150.0,1.0,0.0,2.0,1.0,1.0,-1.0,-25.0,9.0,-9.0,-6.25,0.0,0.0,,2.0,-2.0,-100.0,37.0,37.0,32.743362831858406,0.0,0.0,0.0,1.7,-1.7,-100.0,0.0,0.0,0.0,38.18232575420203,50.7,0
18,1,chol,240,65.0,1.0,4.0,144.0,312.0,0.0,2.0,113.0,1.0,1.7,2.0,1.0,65.0,1.0,4.0,135.0,240.0,0.0,0.0,135.0,1.0,1.0651747238137812,2.0,1.0,0.0,0.0,0.0,9.0,-9.0,-6.25,0.0,0.0,,2.0,-2.0,-100.0,22.0,22.0,19.469026548672566,0.0,0.0,0.0,0.6348252761862188,-0.6348252761862188,-37.342663305071696,0.0,0.0,0.0,23.862166773603878,33.63482527618622,0
18,2,chol,150,65.0,1.0,4.0,144.0,312.0,0.0,2.0,113.0,1.0,1.7,2.0,1.0,65.0,1.0,4.0,143.0,150.0,0.0,0.0,140.0,1.0,4.565174723813781,2.0,1.0,0.0,0.0,0.0,1.0,-1.0,-0.6944444444444444,0.0,0.0,,2.0,-2.0,-100.0,27.0,27.0,23.893805309734514,0.0,0.0,0.0,2.865174723813781,2.865174723813781,168.53968963610478,0.0,0.0,0.0,27.243517140743435,32.86517472381378,0
18,3,chol,150,65.0,1.0,4.0,144.0,312.0,0.0,2.0,113.0,1.0,1.7,2.0,1.0,65.0,1.0,4.0,128.0,150.0,0.0,0.0,160.0,1.0,0.0,1.0,1.0,0.0,0.0,0.0,16.0,-16.0,-11.11111111111111,0.0,0.0,,2.0,-2.0,-100.0,47.0,47.0,41.5929203539823,0.0,0.0,0.0,1.7,-1.7,-100.0,1.0,-1.0,-50.0,49.728161035775294,67.7,0
18,4,chol,274,65.0,1.0,4.0,144.0,312.0,0.0,2.0,113.0,1.0,1.7,2.0,1.0,65.0,1.0,3.0,140.0,274.0,0.0,0.0,130.0,1.0,2.065174723813781,2.0,1.0,1.0,-1.0,-25.0,4.0,-4.0,-2.7777777777777777,0.0,0.0,,2.0,-2.0,-100.0,17.0,17.0,15.04424778761062,0.0,0.0,0.0,0.36517472381378124,0.36517472381378124,21.480866106693014,0.0,0.0,0.0,17.610603413253973,24.36517472381378,0
