instance_id,cf_id,euclidean_distance,manhattan_distance,cp,trestbps,fbs,restecg,thalach,exang,oldpeak,slope
18,1,32.94298104300824,55.8,4.0,24.0,0.0,2.0,22.0,1.0,1.8,1.0
18,2,23.725302948539984,37.7,1.0,14.0,0.0,1.0,19.0,1.0,1.7,0.0
18,3,67.71919964086995,98.7,1.0,38.0,0.0,1.0,56.0,0.0,1.7,1.0
