instance_id,cf_id,intervention_type,intervention_value,orig_age,orig_sex,orig_cp,orig_trestbps,orig_chol,orig_fbs,orig_restecg,orig_thalach,orig_exang,orig_oldpeak,orig_slope,orig_target,cf_age,cf_sex,cf_cp,cf_trestbps,cf_chol,cf_fbs,cf_restecg,cf_thalach,cf_exang,cf_oldpeak,cf_slope,cf_target,dist_cp,change_cp,pct_change_cp,dist_trestbps,change_trestbps,pct_change_trestbps,dist_fbs,change_fbs,pct_change_fbs,dist_restecg,change_restecg,pct_change_restecg,dist_thalach,change_thalach,pct_change_thalach,dist_exang,change_exang,pct_change_exang,dist_oldpeak,change_oldpeak,pct_change_oldpeak,dist_slope,change_slope,pct_change_slope,euclidean_distance,manhattan_distance,target_changed
19,0,chol,205,60.0,1.0,3.0,141.0,316.0,1.0,1.0,122.0,1.0,1.7,2.0,1.0,60.0,1.0,4.0,171.0,205.0,1.0,2.0,158.0,1.0,1.5651747238137812,2.0,1.0,1.0,1.0,33.33333333333333,30.0,30.0,21.27659574468085,0.0,0.0,0.0,1.0,1.0,100.0,36.0,36.0,29.508196721311474,0.0,0.0,0.0,0.13482527618621876,-0.13482527618621876,-7.930898599189338,0.0,0.0,0.0,46.88302654325015,68.13482527618622,0
19,1,chol,204,60.0,1.0,3.0,141.0,316.0,1.0,1.0,122.0,1.0,1.7,2.0,1.0,60.0,1.0,4.0,137.0,204.0,1.0,2.0,150.0,0.0,1.6,2.0,1.0,1.0,1.0,33.33333333333333,4.0,-4.0,-2.8368794326241136,0.0,0.0,0.0,1.0,1.0,100.0,28.0,28.0,22.950819672131146,1.0,-1.0,-100.0,0.09999999999999987,-0.09999999999999987,-5.882352941176463,0.0,0.0,0.0,28.337431076228487,35.1,0
19,2,chol,220,60.0,1.0,3.0,141.0,316.0,1.0,1.0,122.0,1.0,1.7,2.0,1.0,60.0,1.0,2.0,129.0,220.0,1.0,0.0,111.0,0.0,0.0,1.0,0.0,1.0,-1.0,-33.33333333333333,12.0,-12.0,-8.51063829787234,0.0,0.0,0.0,1.0,-1.0,-100.0,11.0,-11.0,-9.01639344262295,1.0,-1.0,-100.0,1.7,-1.7,-100.0,1.0,-1.0,-50.0,16.489087300393553,28.7,1
19,3,chol,172,60.0,1.0,3.0,141.0,316.0,1.0,1.0,122.0,1.0,1.7,2.0,1.0,60.0,1.0,4.0,154.0,172.0,1.0,1.0,128.0,0.0,2.0,2.0,1.0,1.0,1.0,33.33333333333333,13.0,13.0,9.219858156028367,0.0,0.0,0.0,0.0,0.0,0.0,6.0,6.0,4.918032786885246,1.0,-1.0,-100.0,0.30000000000000004,0.30000000000000004,17.647058823529417,0.0,0.0,0.0,14.390621946253749,21.3,0
19,4,chol,150,60.0,1.0,3.0,141.0,316.0,1.0,1.0,122.0,1.0,1.7,2.0,1.0,60.0,1.0,3.0,177.0,150.0,1.0,0.0,124.0,1.0,1.5,2.0,1.0,0.0,0.0,0.0,36.0,36.0,25.53191489361702,0.0,0.0,0.0,1.0,-1.0,-100.0,2.0,2.0,1.639344262295082,0.0,0.0,0.0,0.19999999999999996,-0.19999999999999996,-11.764705882352938,0.0,0.0,0.0,36.06993207645393,39.2,0
