instance_id,cf_id,intervention_type,intervention_value,orig_age,orig_sex,orig_cp,orig_trestbps,orig_chol,orig_fbs,orig_restecg,orig_thalach,orig_exang,orig_oldpeak,orig_slope,orig_target,cf_age,cf_sex,cf_cp,cf_trestbps,cf_chol,cf_fbs,cf_restecg,cf_thalach,cf_exang,cf_oldpeak,cf_slope,cf_target,dist_cp,change_cp,pct_change_cp,dist_trestbps,change_trestbps,pct_change_trestbps,dist_fbs,change_fbs,pct_change_fbs,dist_restecg,change_restecg,pct_change_restecg,dist_thalach,change_thalach,pct_change_thalach,dist_exang,change_exang,pct_change_exang,dist_oldpeak,change_oldpeak,pct_change_oldpeak,dist_slope,change_slope,pct_change_slope,euclidean_distance,manhattan_distance,target_changed
1,0,chol,163,63.0,1.0,4.0,150.0,223.0,0.0,0.0,115.0,0.0,0.0,2.0,1.0,63.0,1.0,4.0,136.0,163.0,0.0,2.0,169.0,1.0,1.0651747238137812,2.0,1.0,0.0,0.0,0.0,14.0,-14.0,-9.333333333333334,0.0,0.0,,2.0,2.0,,54.0,54.0,46.95652173913044,1.0,1.0,,1.0651747238137812,1.0651747238137812,,0.0,0.0,0.0,55.840259644742446,72.06517472381378,0
1,1,chol,196,63.0,1.0,4.0,150.0,223.0,0.0,0.0,115.0,0.0,0.0,2.0,1.0,63.0,1.0,4.0,129.0,196.0,0.0,0.0,73.0,1.0,1.6,3.0,1.0,0.0,0.0,0.0,21.0,-21.0,-14.000000000000002,0.0,0.0,,0.0,0.0,,42.0,-42.0,-36.52173913043478,1.0,1.0,,1.6,1.6,,1.0,1.0,50.0,47.005957069290695,66.6,0
1,2,chol,200,63.0,1.0,4.0,150.0,223.0,0.0,0.0,115.0,0.0,0.0,2.0,1.0,63.0,1.0,4.0,114.0,200.0,0.0,0.0,158.0,1.0,1.0651747238137812,2.0,1.0,0.0,0.0,0.0,36.0,-36.0,-24.0,0.0,0.0,,0.0,0.0,,43.0,43.0,37.391304347826086,1.0,1.0,,1.0651747238137812,1.0651747238137812,,0.0,0.0,0.0,56.099327956689926,81.06517472381378,0
1,3,chol,152,63.0,1.0,4.0,150.0,223.0,0.0,0.0,115.0,0.0,0.0,2.0,1.0,63.0,1.0,2.0,140.0,152.0,0.0,0.0,159.0,0.0,0.0,1.0,0.0,2.0,-2.0,-50.0,10.0,-10.0,-6.666666666666667,0.0,0.0,,0.0,0.0,,44.0,44.0,38.26086956521739,0.0,0.0,,0.0,0.0,,1.0,-1.0,-50.0,45.17742799230607,57.0,1
1,4,chol,175,63.0,1.0,4.0,150.0,223.0,0.0,0.0,115.0,0.0,0.0,2.0,1.0,63.0,1.0,2.0,144.0,175.0,0.0,1.0,122.0,1.0,0.8,2.0,1.0,2.0,-2.0,-50.0,6.0,-6.0,-4.0,0.0,0.0,,1.0,1.0,,7.0,7.0,6.086956521739131,1.0,1.0,,0.8,0.8,,0.0,0.0,0.0,9.572878355019455,17.8,0
