instance_id,cf_id,intervention_type,intervention_value,orig_age,orig_sex,orig_cp,orig_trestbps,orig_chol,orig_fbs,orig_restecg,orig_thalach,orig_exang,orig_oldpeak,orig_slope,orig_target,cf_age,cf_sex,cf_cp,cf_trestbps,cf_chol,cf_fbs,cf_restecg,cf_thalach,cf_exang,cf_oldpeak,cf_slope,cf_target,dist_cp,change_cp,pct_change_cp,dist_trestbps,change_trestbps,pct_change_trestbps,dist_fbs,change_fbs,pct_change_fbs,dist_restecg,change_restecg,pct_change_restecg,dist_thalach,change_thalach,pct_change_thalach,dist_exang,change_exang,pct_change_exang,dist_oldpeak,change_oldpeak,pct_change_oldpeak,dist_slope,change_slope,pct_change_slope,euclidean_distance,manhattan_distance,target_changed
20,0,chol,164,58.0,1.0,3.0,112.0,230.0,0.0,2.0,165.0,0.0,2.5,2.0,1.0,58.0,1.0,4.0,149.0,164.0,0.0,0.0,160.0,1.0,1.0651747238137812,2.0,1.0,1.0,1.0,33.33333333333333,37.0,37.0,33.035714285714285,0.0,0.0,,2.0,-2.0,-100.0,5.0,-5.0,-3.0303030303030303,1.0,1.0,,1.4348252761862188,-1.4348252761862188,-57.39301104744875,0.0,0.0,0.0,37.44407461232261,47.43482527618622,0
20,1,chol,164,58.0,1.0,3.0,112.0,230.0,0.0,2.0,165.0,0.0,2.5,2.0,1.0,58.0,1.0,4.0,134.0,164.0,0.0,0.0,162.0,1.0,1.2651747238137812,2.0,1.0,1.0,1.0,33.33333333333333,22.0,22.0,19.642857142857142,0.0,0.0,,2.0,-2.0,-100.0,3.0,-3.0,-1.8181818181818181,1.0,1.0,,1.2348252761862188,-1.2348252761862188,-49.39301104744875,0.0,0.0,0.0,22.37241143602335,30.234825276186218,0
20,2,chol,192,58.0,1.0,3.0,112.0,230.0,0.0,2.0,165.0,0.0,2.5,2.0,1.0,58.0,1.0,2.0,150.0,192.0,0.0,0.0,110.0,1.0,2.065174723813781,2.0,1.0,1.0,-1.0,-33.33333333333333,38.0,38.0,33.92857142857143,0.0,0.0,,2.0,-2.0,-100.0,55.0,-55.0,-33.33333333333333,1.0,1.0,,0.4348252761862188,-0.4348252761862188,-17.393011047448752,0.0,0.0,0.0,66.8968539844798,97.43482527618622,0
20,3,chol,156,58.0,1.0,3.0,112.0,230.0,0.0,2.0,165.0,0.0,2.5,2.0,1.0,58.0,1.0,2.0,115.0,156.0,0.0,1.0,173.0,0.0,0.0,1.0,0.0,1.0,-1.0,-33.33333333333333,3.0,3.0,2.6785714285714284,0.0,0.0,,1.0,-1.0,-50.0,8.0,8.0,4.848484848484849,0.0,0.0,,2.5,-2.5,-100.0,1.0,-1.0,-50.0,9.069178573608527,16.5,1
20,4,chol,150,58.0,1.0,3.0,112.0,230.0,0.0,2.0,165.0,0.0,2.5,2.0,1.0,58.0,1.0,2.0,124.0,150.0,0.0,0.0,100.0,1.0,1.0,3.0,1.0,1.0,-1.0,-33.33333333333333,12.0,12.0,10.714285714285714,0.0,0.0,,2.0,-2.0,-100.0,65.0,-65.0,-39.39393939393939,1.0,1.0,,1.5,-1.5,-60.0,1.0,1.0,50.0,66.16834590648311,83.5,0
