instance_id,cf_id,intervention_type,intervention_value,orig_age,orig_sex,orig_cp,orig_trestbps,orig_chol,orig_fbs,orig_restecg,orig_thalach,orig_exang,orig_oldpeak,orig_slope,orig_target,cf_age,cf_sex,cf_cp,cf_trestbps,cf_chol,cf_fbs,cf_restecg,cf_thalach,cf_exang,cf_oldpeak,cf_slope,cf_target,dist_cp,change_cp,pct_change_cp,dist_trestbps,change_trestbps,pct_change_trestbps,dist_fbs,change_fbs,pct_change_fbs,dist_restecg,change_restecg,pct_change_restecg,dist_thalach,change_thalach,pct_change_thalach,dist_exang,change_exang,pct_change_exang,dist_oldpeak,change_oldpeak,pct_change_oldpeak,dist_slope,change_slope,pct_change_slope,euclidean_distance,manhattan_distance,target_changed
21,0,chol,220,35.0,1.0,4.0,126.0,282.0,0.0,2.0,156.0,1.0,0.0,1.0,1.0,35.0,1.0,4.0,135.0,220.0,0.0,2.0,140.0,1.0,1.0651747238137812,2.0,1.0,0.0,0.0,0.0,9.0,9.0,7.142857142857142,0.0,0.0,,0.0,0.0,0.0,16.0,-16.0,-10.256410256410255,0.0,0.0,0.0,1.0651747238137812,1.0651747238137812,,1.0,1.0,100.0,18.41560743478889,27.065174723813783,0
21,1,chol,197,35.0,1.0,4.0,126.0,282.0,0.0,2.0,156.0,1.0,0.0,1.0,1.0,35.0,1.0,2.0,116.0,197.0,0.0,2.0,182.0,0.0,0.4348252761862189,1.0,0.0,2.0,-2.0,-50.0,10.0,-10.0,-7.936507936507936,0.0,0.0,,0.0,0.0,0.0,26.0,26.0,16.666666666666664,1.0,-1.0,-100.0,0.4348252761862189,0.4348252761862189,,0.0,0.0,0.0,27.94975980256021,39.43482527618622,1
21,2,chol,223,35.0,1.0,4.0,126.0,282.0,0.0,2.0,156.0,1.0,0.0,1.0,1.0,35.0,1.0,4.0,122.0,223.0,0.0,0.0,143.0,1.0,0.0,1.0,0.0,0.0,0.0,0.0,4.0,-4.0,-3.1746031746031744,0.0,0.0,,2.0,-2.0,-100.0,13.0,-13.0,-8.333333333333332,0.0,0.0,0.0,0.0,0.0,,0.0,0.0,0.0,13.74772708486752,19.0,1
21,3,chol,227,35.0,1.0,4.0,126.0,282.0,0.0,2.0,156.0,1.0,0.0,1.0,1.0,35.0,1.0,3.0,125.0,227.0,0.0,0.0,150.0,0.0,0.4348252761862189,1.0,0.0,1.0,-1.0,-25.0,1.0,-1.0,-0.7936507936507936,0.0,0.0,,2.0,-2.0,-100.0,6.0,-6.0,-3.8461538461538463,1.0,-1.0,-100.0,0.4348252761862189,0.4348252761862189,,0.0,0.0,0.0,6.571839394021313,11.434825276186219,1
21,4,chol,197,35.0,1.0,4.0,126.0,282.0,0.0,2.0,156.0,1.0,0.0,1.0,1.0,35.0,1.0,3.0,90.0,197.0,0.0,1.0,93.0,0.0,0.0,1.0,0.0,1.0,-1.0,-25.0,36.0,-36.0,-28.57142857142857,0.0,0.0,,1.0,-1.0,-50.0,63.0,-63.0,-40.38461538461539,1.0,-1.0,-100.0,0.0,0.0,,0.0,0.0,0.0,72.58098924649622,102.0,1
