instance_id,cf_id,euclidean_distance,manhattan_distance,cp,trestbps,fbs,restecg,thalach,exang,oldpeak,slope
21,0,18.394564414522026,26.6,2.0,2.0,0.0,2.0,18.0,1.0,0.6,1.0
21,1,25.263901878943713,38.51452711191517,2.0,10.0,0.0,2.0,23.0,1.0,0.5145271119151723,0.0
21,3,22.978887380828752,40.01452711191517,2.0,15.0,0.0,2.0,17.0,1.0,1.0145271119151724,2.0
21,4,15.200602602681293,25.01452711191517,1.0,14.0,0.0,2.0,5.0,1.0,2.0145271119151724,0.0
