instance_id,cf_id,euclidean_distance,manhattan_distance,cp,trestbps,fbs,restecg,thalach,exang,oldpeak,slope
21,0,20.898964762136693,34.940806051369194,2.0,18.0,0.0,2.0,10.0,1.0,1.940806051369194,0.0
21,1,56.16048432839589,64.0,2.0,3.0,0.0,2.0,56.0,1.0,0.0,0.0
21,2,23.811761799581316,39.0,2.0,14.0,0.0,2.0,19.0,1.0,0.0,1.0
21,3,29.120439557122072,34.0,1.0,29.0,0.0,0.0,2.0,1.0,1.0,0.0
21,4,37.296112397943034,57.0,2.0,22.0,0.0,1.0,30.0,1.0,1.0,0.0
