age,sex,cp,trestbps,chol,fbs,restecg,thalach,exang,oldpeak,slope,target,instance_id,cf_id
35,1,2,128,220,0,0,174,0,0.6,0,0,21,0
35,1,2,136,197,0,0,133,0,0.5145271119151723,1,0,21,1
35,1,2,111,227,0,0,139,0,1.0145271119151724,3,0,21,3
35,1,3,112,197,0,0,151,0,2.0145271119151724,1,0,21,4
