instance_id,cf_id,intervention_type,intervention_value,orig_age,orig_sex,orig_cp,orig_trestbps,orig_chol,orig_fbs,orig_restecg,orig_thalach,orig_exang,orig_oldpeak,orig_slope,orig_target,cf_age,cf_sex,cf_cp,cf_trestbps,cf_chol,cf_fbs,cf_restecg,cf_thalach,cf_exang,cf_oldpeak,cf_slope,cf_target,dist_cp,change_cp,pct_change_cp,dist_trestbps,change_trestbps,pct_change_trestbps,dist_fbs,change_fbs,pct_change_fbs,dist_restecg,change_restecg,pct_change_restecg,dist_thalach,change_thalach,pct_change_thalach,dist_exang,change_exang,pct_change_exang,dist_oldpeak,change_oldpeak,pct_change_oldpeak,dist_slope,change_slope,pct_change_slope,euclidean_distance,manhattan_distance,target_changed
22,0,chol,157,47.0,0.0,4.0,120.0,205.0,0.0,0.0,98.0,1.0,2.0,2.0,1.0,47.0,0.0,4.0,114.0,157.0,0.0,0.0,134.0,0.0,0.4348252761862189,1.0,0.0,0.0,0.0,0.0,6.0,-6.0,-5.0,0.0,0.0,,0.0,0.0,,36.0,36.0,36.734693877551024,1.0,-1.0,-100.0,1.5651747238137812,-1.5651747238137812,-78.25873619068906,1.0,-1.0,-50.0,36.55748585332511,45.56517472381378,1
22,1,chol,150,47.0,0.0,4.0,120.0,205.0,0.0,0.0,98.0,1.0,2.0,2.0,1.0,47.0,0.0,3.0,154.0,150.0,0.0,0.0,118.0,0.0,0.0,1.0,0.0,1.0,-1.0,-25.0,34.0,34.0,28.333333333333332,0.0,0.0,,0.0,0.0,,20.0,20.0,20.408163265306122,1.0,-1.0,-100.0,2.0,-2.0,-100.0,1.0,-1.0,-50.0,39.534794801541594,59.0,1
22,2,chol,168,47.0,0.0,4.0,120.0,205.0,0.0,0.0,98.0,1.0,2.0,2.0,1.0,47.0,0.0,3.0,130.0,168.0,0.0,0.0,135.0,0.0,2.0,1.0,0.0,1.0,-1.0,-25.0,10.0,10.0,8.333333333333332,0.0,0.0,,0.0,0.0,,37.0,37.0,37.755102040816325,1.0,-1.0,-100.0,0.0,0.0,0.0,1.0,-1.0,-50.0,38.36665218650175,50.0,1
22,3,chol,160,47.0,0.0,4.0,120.0,205.0,0.0,0.0,98.0,1.0,2.0,2.0,1.0,47.0,0.0,3.0,124.0,160.0,0.0,0.0,111.0,0.0,0.0,1.0,0.0,1.0,-1.0,-25.0,4.0,4.0,3.3333333333333335,0.0,0.0,,0.0,0.0,,13.0,13.0,13.26530612244898,1.0,-1.0,-100.0,2.0,-2.0,-100.0,1.0,-1.0,-50.0,13.856406460551018,22.0,1
22,4,chol,150,47.0,0.0,4.0,120.0,205.0,0.0,0.0,98.0,1.0,2.0,2.0,1.0,47.0,0.0,2.0,151.0,150.0,0.0,1.0,137.0,0.0,0.0,1.0,0.0,2.0,-2.0,-50.0,31.0,31.0,25.833333333333336,0.0,0.0,,1.0,1.0,,39.0,39.0,39.795918367346935,1.0,-1.0,-100.0,2.0,-2.0,-100.0,1.0,-1.0,-50.0,49.92995093127971,77.0,1
