instance_id,cf_id,euclidean_distance,manhattan_distance,cp,trestbps,fbs,restecg,thalach,exang,oldpeak,slope
22,0,13.726082688385066,22.185472888084828,0.0,11.0,0.0,0.0,8.0,1.0,1.1854728880848278,1.0
22,1,38.706674226820816,53.48547288808483,0.0,11.0,0.0,2.0,37.0,1.0,1.4854728880848276,1.0
22,2,91.05057182522927,97.48547288808483,1.0,2.0,0.0,0.0,91.0,1.0,1.4854728880848276,1.0
22,3,65.84071688552609,81.0,1.0,10.0,0.0,0.0,65.0,1.0,2.0,2.0
