age,sex,cp,trestbps,chol,fbs,restecg,thalach,exang,oldpeak,slope,target,instance_id,cf_id
47,0,4,109,157,0,0,106,0,0.8145271119151724,1,0,22,0
47,0,4,131,150,0,2,135,0,0.5145271119151723,1,0,22,1
47,0,3,122,168,0,0,189,0,0.5145271119151723,1,0,22,2
47,0,3,130,160,0,0,163,0,0.0,0,0,22,3
