instance_id,cf_id,intervention_type,intervention_value,orig_age,orig_sex,orig_cp,orig_trestbps,orig_chol,orig_fbs,orig_restecg,orig_thalach,orig_exang,orig_oldpeak,orig_slope,orig_target,cf_age,cf_sex,cf_cp,cf_trestbps,cf_chol,cf_fbs,cf_restecg,cf_thalach,cf_exang,cf_oldpeak,cf_slope,cf_target,dist_cp,change_cp,pct_change_cp,dist_trestbps,change_trestbps,pct_change_trestbps,dist_fbs,change_fbs,pct_change_fbs,dist_restecg,change_restecg,pct_change_restecg,dist_thalach,change_thalach,pct_change_thalach,dist_exang,change_exang,pct_change_exang,dist_oldpeak,change_oldpeak,pct_change_oldpeak,dist_slope,change_slope,pct_change_slope,euclidean_distance,manhattan_distance,target_changed
23,0,chol,231,57.0,1.0,4.0,150.0,276.0,0.0,2.0,112.0,1.0,0.6,2.0,1.0,57.0,1.0,4.0,129.0,231.0,0.0,0.0,70.0,0.0,1.0,2.0,1.0,0.0,0.0,0.0,21.0,-21.0,-14.000000000000002,0.0,0.0,,2.0,-2.0,-100.0,42.0,-42.0,-37.5,1.0,-1.0,-100.0,0.4,0.4,66.66666666666667,0.0,0.0,0.0,47.01233880589222,66.4,0
23,1,chol,236,57.0,1.0,4.0,150.0,276.0,0.0,2.0,112.0,1.0,0.6,2.0,1.0,57.0,1.0,4.0,128.0,236.0,0.0,0.0,112.0,1.0,3.0,3.0,1.0,0.0,0.0,0.0,22.0,-22.0,-14.666666666666666,0.0,0.0,,2.0,-2.0,-100.0,0.0,0.0,0.0,0.0,0.0,0.0,2.4,2.4,400.0,1.0,1.0,50.0,22.24320120845918,27.4,0
23,2,chol,233,57.0,1.0,4.0,150.0,276.0,0.0,2.0,112.0,1.0,0.6,2.0,1.0,57.0,1.0,3.0,122.0,233.0,0.0,0.0,140.0,0.0,0.4348252761862189,2.0,0.0,1.0,-1.0,-25.0,28.0,-28.0,-18.666666666666668,0.0,0.0,,2.0,-2.0,-100.0,28.0,28.0,25.0,1.0,-1.0,-100.0,0.16517472381378107,-0.16517472381378107,-27.52912063563018,0.0,0.0,0.0,39.674012687014496,60.165174723813784,1
23,3,chol,151,57.0,1.0,4.0,150.0,276.0,0.0,2.0,112.0,1.0,0.6,2.0,1.0,57.0,1.0,2.0,153.0,151.0,0.0,2.0,142.0,1.0,0.0,1.0,1.0,2.0,-2.0,-50.0,3.0,3.0,2.0,0.0,0.0,,0.0,0.0,0.0,30.0,30.0,26.785714285714285,0.0,0.0,0.0,0.6,-0.6,-100.0,1.0,-1.0,-50.0,30.23838620032491,36.6,0
23,4,chol,240,57.0,1.0,4.0,150.0,276.0,0.0,2.0,112.0,1.0,0.6,2.0,1.0,57.0,1.0,4.0,155.0,240.0,0.0,2.0,150.0,1.0,2.0,2.0,2.0,0.0,0.0,0.0,5.0,5.0,3.3333333333333335,0.0,0.0,,0.0,0.0,0.0,38.0,38.0,33.92857142857143,0.0,0.0,0.0,1.4,1.4,233.33333333333334,0.0,0.0,0.0,38.35309635479253,44.4,0
