instance_id,cf_id,intervention_type,intervention_value,orig_age,orig_sex,orig_cp,orig_trestbps,orig_chol,orig_fbs,orig_restecg,orig_thalach,orig_exang,orig_oldpeak,orig_slope,orig_target,cf_age,cf_sex,cf_cp,cf_trestbps,cf_chol,cf_fbs,cf_restecg,cf_thalach,cf_exang,cf_oldpeak,cf_slope,cf_target,dist_cp,change_cp,pct_change_cp,dist_trestbps,change_trestbps,pct_change_trestbps,dist_fbs,change_fbs,pct_change_fbs,dist_restecg,change_restecg,pct_change_restecg,dist_thalach,change_thalach,pct_change_thalach,dist_exang,change_exang,pct_change_exang,dist_oldpeak,change_oldpeak,pct_change_oldpeak,dist_slope,change_slope,pct_change_slope,euclidean_distance,manhattan_distance,target_changed
24,0,chol,220,43.0,1.0,4.0,132.0,247.0,1.0,2.0,143.0,1.0,0.1,2.0,1.0,43.0,1.0,1.0,101.0,220.0,1.0,0.0,122.0,0.0,2.6,1.0,-1.0,3.0,-3.0,-75.0,31.0,-31.0,-23.484848484848484,0.0,0.0,0.0,2.0,-2.0,-100.0,21.0,-21.0,-14.685314685314685,1.0,-1.0,-100.0,2.5,2.5,2500.0,1.0,-1.0,-50.0,37.72598573927526,61.5,0
24,1,chol,162,43.0,1.0,4.0,132.0,247.0,1.0,2.0,143.0,1.0,0.1,2.0,1.0,43.0,1.0,3.0,144.0,162.0,1.0,0.0,122.0,0.0,0.4348252761862189,1.0,-1.0,1.0,-1.0,-25.0,12.0,12.0,9.090909090909092,0.0,0.0,0.0,2.0,-2.0,-100.0,21.0,-21.0,-14.685314685314685,1.0,-1.0,-100.0,0.33482527618621893,0.33482527618621893,334.82527618621896,1.0,-1.0,-50.0,24.333353816635576,38.334825276186216,0
24,2,chol,150,43.0,1.0,4.0,132.0,247.0,1.0,2.0,143.0,1.0,0.1,2.0,1.0,43.0,1.0,2.0,164.0,150.0,1.0,0.0,147.0,1.0,0.0,1.0,0.0,2.0,-2.0,-50.0,32.0,32.0,24.242424242424242,0.0,0.0,0.0,2.0,-2.0,-100.0,4.0,4.0,2.797202797202797,0.0,0.0,0.0,0.1,-0.1,-100.0,1.0,-1.0,-50.0,32.388423857915654,41.1,1
24,3,chol,219,43.0,1.0,4.0,132.0,247.0,1.0,2.0,143.0,1.0,0.1,2.0,1.0,43.0,1.0,2.0,127.0,219.0,1.0,1.0,140.0,0.0,0.0,1.0,0.0,2.0,-2.0,-50.0,5.0,-5.0,-3.787878787878788,0.0,0.0,0.0,1.0,-1.0,-50.0,3.0,-3.0,-2.097902097902098,1.0,-1.0,-100.0,0.1,-0.1,-100.0,1.0,-1.0,-50.0,6.4039050586341455,13.1,1
24,4,chol,222,43.0,1.0,4.0,132.0,247.0,1.0,2.0,143.0,1.0,0.1,2.0,1.0,43.0,1.0,4.0,131.0,222.0,1.0,0.0,170.0,0.0,0.4348252761862189,1.0,0.0,0.0,0.0,0.0,1.0,-1.0,-0.7575757575757576,0.0,0.0,0.0,2.0,-2.0,-100.0,27.0,27.0,18.88111888111888,1.0,-1.0,-100.0,0.33482527618621893,0.33482527618621893,334.82527618621896,1.0,-1.0,-50.0,27.131386031044805,32.33482527618622,1
