instance_id,cf_id,euclidean_distance,manhattan_distance,cp,trestbps,fbs,restecg,thalach,exang,oldpeak,slope
24,1,2.8284271247461903,6.0,0.0,2.0,0.0,1.0,1.0,1.0,2.7755575615628914e-17,1.0
24,2,24.29012144885241,36.1,0.0,10.0,0.0,2.0,22.0,1.0,0.1,1.0
24,3,64.05600543841703,93.41452711191518,2.0,29.0,0.0,2.0,57.0,1.0,0.41452711191517233,2.0
24,4,31.670333121077206,47.1,0.0,26.0,0.0,1.0,18.0,1.0,0.1,1.0
