instance_id,cf_id,euclidean_distance,manhattan_distance,cp,trestbps,fbs,restecg,thalach,exang,oldpeak,slope
24,0,27.129504234320244,32.1,1.0,2.0,0.0,1.0,27.0,1.0,0.1,0.0
24,1,30.24913221895795,37.1,1.0,3.0,0.0,2.0,30.0,1.0,0.1,0.0
24,3,21.605503022780752,36.34080605136919,1.0,13.0,0.0,2.0,17.0,1.0,1.340806051369194,1.0
24,4,15.362616964566941,22.1,1.0,2.0,0.0,2.0,15.0,1.0,0.1,1.0
