age,sex,cp,trestbps,chol,fbs,restecg,thalach,exang,oldpeak,slope,target,instance_id,cf_id
43,1,4,134,162,1,1,142,0,0.09999999999999998,1,0,24,1
43,1,4,122,150,1,0,165,0,0.0,1,0,24,2
43,1,2,161,219,1,0,86,0,0.5145271119151723,0,0,24,3
43,1,4,106,222,1,1,125,0,0.0,1,0,24,4
