instance_id,cf_id,intervention_type,intervention_value,orig_age,orig_sex,orig_cp,orig_trestbps,orig_chol,orig_fbs,orig_restecg,orig_thalach,orig_exang,orig_oldpeak,orig_slope,orig_target,cf_age,cf_sex,cf_cp,cf_trestbps,cf_chol,cf_fbs,cf_restecg,cf_thalach,cf_exang,cf_oldpeak,cf_slope,cf_target,dist_cp,change_cp,pct_change_cp,dist_trestbps,change_trestbps,pct_change_trestbps,dist_fbs,change_fbs,pct_change_fbs,dist_restecg,change_restecg,pct_change_restecg,dist_thalach,change_thalach,pct_change_thalach,dist_exang,change_exang,pct_change_exang,dist_oldpeak,change_oldpeak,pct_change_oldpeak,dist_slope,change_slope,pct_change_slope,euclidean_distance,manhattan_distance,target_changed
25,0,chol,150,62.0,1.0,3.0,138.0,204.0,0.0,1.0,122.0,1.0,1.2,2.0,1.0,62.0,1.0,4.0,159.0,150.0,0.0,0.0,105.0,1.0,2.1651747238137813,2.0,1.0,1.0,1.0,33.33333333333333,21.0,21.0,15.217391304347828,0.0,0.0,,1.0,-1.0,-100.0,17.0,-17.0,-13.934426229508196,0.0,0.0,0.0,0.9651747238137813,0.9651747238137813,80.43122698448178,0.0,0.0,0.0,27.072708808826075,40.96517472381378,0
25,1,chol,164,62.0,1.0,3.0,138.0,204.0,0.0,1.0,122.0,1.0,1.2,2.0,1.0,62.0,1.0,4.0,159.0,164.0,0.0,1.0,158.0,1.0,1.5,2.0,1.0,1.0,1.0,33.33333333333333,21.0,21.0,15.217391304347828,0.0,0.0,,0.0,0.0,0.0,36.0,36.0,29.508196721311474,0.0,0.0,0.0,0.30000000000000004,0.30000000000000004,25.000000000000007,0.0,0.0,0.0,41.69040657033702,58.3,0
25,2,chol,182,62.0,1.0,3.0,138.0,204.0,0.0,1.0,122.0,1.0,1.2,2.0,1.0,62.0,1.0,4.0,138.0,182.0,0.0,0.0,140.0,1.0,2.0,2.0,1.0,1.0,1.0,33.33333333333333,0.0,0.0,0.0,0.0,0.0,,1.0,-1.0,-100.0,18.0,18.0,14.754098360655737,0.0,0.0,0.0,0.8,0.8,66.66666666666667,0.0,0.0,0.0,18.07318455613177,20.8,0
25,3,chol,164,62.0,1.0,3.0,138.0,204.0,0.0,1.0,122.0,1.0,1.2,2.0,1.0,62.0,1.0,1.0,126.0,164.0,0.0,2.0,150.0,1.0,3.0,3.0,1.0,2.0,-2.0,-66.66666666666666,12.0,-12.0,-8.695652173913043,0.0,0.0,,1.0,1.0,100.0,28.0,28.0,22.950819672131146,0.0,0.0,0.0,1.8,1.8,150.0,1.0,1.0,50.0,30.61437570815384,45.8,0
25,4,chol,161,62.0,1.0,3.0,138.0,204.0,0.0,1.0,122.0,1.0,1.2,2.0,1.0,62.0,1.0,2.0,144.0,161.0,0.0,2.0,131.0,0.0,0.0,1.0,0.0,1.0,-1.0,-33.33333333333333,6.0,6.0,4.3478260869565215,0.0,0.0,,1.0,1.0,100.0,9.0,9.0,7.377049180327869,1.0,-1.0,-100.0,1.2,-1.2,-100.0,1.0,-1.0,-50.0,11.065260954898443,20.2,1
