instance_id,cf_id,intervention_type,intervention_value,orig_age,orig_sex,orig_cp,orig_trestbps,orig_chol,orig_fbs,orig_restecg,orig_thalach,orig_exang,orig_oldpeak,orig_slope,orig_target,cf_age,cf_sex,cf_cp,cf_trestbps,cf_chol,cf_fbs,cf_restecg,cf_thalach,cf_exang,cf_oldpeak,cf_slope,cf_target,dist_cp,change_cp,pct_change_cp,dist_trestbps,change_trestbps,pct_change_trestbps,dist_fbs,change_fbs,pct_change_fbs,dist_restecg,change_restecg,pct_change_restecg,dist_thalach,change_thalach,pct_change_thalach,dist_exang,change_exang,pct_change_exang,dist_oldpeak,change_oldpeak,pct_change_oldpeak,dist_slope,change_slope,pct_change_slope,euclidean_distance,manhattan_distance,target_changed
26,0,chol,204,57.0,1.0,4.0,139.0,277.0,1.0,1.0,118.0,1.0,1.9,2.0,1.0,57.0,1.0,4.0,121.0,204.0,1.0,0.0,162.0,1.0,1.0651747238137812,3.0,1.0,0.0,0.0,0.0,18.0,-18.0,-12.949640287769784,0.0,0.0,0.0,1.0,-1.0,-100.0,44.0,44.0,37.28813559322034,0.0,0.0,0.0,0.8348252761862187,-0.8348252761862187,-43.93817243085362,1.0,1.0,50.0,47.56781404733414,64.83482527618622,0
26,1,chol,156,57.0,1.0,4.0,139.0,277.0,1.0,1.0,118.0,1.0,1.9,2.0,1.0,57.0,1.0,3.0,121.0,156.0,1.0,2.0,122.0,1.0,1.5,1.0,1.0,1.0,-1.0,-25.0,18.0,-18.0,-12.949640287769784,0.0,0.0,0.0,1.0,1.0,100.0,4.0,4.0,3.389830508474576,0.0,0.0,0.0,0.3999999999999999,-0.3999999999999999,-21.052631578947363,1.0,-1.0,-50.0,18.524578267804102,25.4,0
26,2,chol,200,57.0,1.0,4.0,139.0,277.0,1.0,1.0,118.0,1.0,1.9,2.0,1.0,57.0,1.0,2.0,155.0,200.0,1.0,0.0,138.0,0.0,0.2,2.0,0.0,2.0,-2.0,-50.0,16.0,16.0,11.510791366906476,0.0,0.0,0.0,1.0,-1.0,-100.0,20.0,20.0,16.94915254237288,1.0,-1.0,-100.0,1.7,-1.7,-89.47368421052632,0.0,0.0,0.0,25.785461019729702,41.7,1
26,3,chol,171,57.0,1.0,4.0,139.0,277.0,1.0,1.0,118.0,1.0,1.9,2.0,1.0,57.0,1.0,4.0,124.0,171.0,1.0,1.0,130.0,0.0,3.0,2.0,2.0,0.0,0.0,0.0,15.0,-15.0,-10.79136690647482,0.0,0.0,0.0,0.0,0.0,0.0,12.0,12.0,10.16949152542373,1.0,-1.0,-100.0,1.1,1.1,57.89473684210527,0.0,0.0,0.0,19.266810841444414,29.1,0
26,4,chol,159,57.0,1.0,4.0,139.0,277.0,1.0,1.0,118.0,1.0,1.9,2.0,1.0,57.0,1.0,4.0,126.0,159.0,1.0,0.0,160.0,0.0,0.0,1.0,-1.0,0.0,0.0,0.0,13.0,-13.0,-9.352517985611511,0.0,0.0,0.0,1.0,-1.0,-100.0,42.0,42.0,35.59322033898305,1.0,-1.0,-100.0,1.9,-1.9,-100.0,1.0,-1.0,-50.0,44.04100362162515,59.9,0
