instance_id,cf_id,intervention_type,intervention_value,orig_age,orig_sex,orig_cp,orig_trestbps,orig_chol,orig_fbs,orig_restecg,orig_thalach,orig_exang,orig_oldpeak,orig_slope,orig_target,cf_age,cf_sex,cf_cp,cf_trestbps,cf_chol,cf_fbs,cf_restecg,cf_thalach,cf_exang,cf_oldpeak,cf_slope,cf_target,dist_cp,change_cp,pct_change_cp,dist_trestbps,change_trestbps,pct_change_trestbps,dist_fbs,change_fbs,pct_change_fbs,dist_restecg,change_restecg,pct_change_restecg,dist_thalach,change_thalach,pct_change_thalach,dist_exang,change_exang,pct_change_exang,dist_oldpeak,change_oldpeak,pct_change_oldpeak,dist_slope,change_slope,pct_change_slope,euclidean_distance,manhattan_distance,target_changed
27,0,chol,199,50.0,1.0,4.0,140.0,231.0,0.0,1.0,140.0,1.0,5.0,2.0,1.0,50.0,1.0,2.0,132.0,199.0,0.0,2.0,178.0,0.0,0.4348252761862189,1.0,0.0,2.0,-2.0,-50.0,8.0,-8.0,-5.714285714285714,0.0,0.0,,1.0,1.0,100.0,38.0,38.0,27.142857142857142,1.0,-1.0,-100.0,4.565174723813781,-4.565174723813781,-91.30349447627563,1.0,-1.0,-50.0,39.189805055128154,55.56517472381378,1
27,1,chol,199,50.0,1.0,4.0,140.0,231.0,0.0,1.0,140.0,1.0,5.0,2.0,1.0,50.0,1.0,3.0,125.0,199.0,0.0,0.0,99.0,0.0,0.0,1.0,0.0,1.0,-1.0,-25.0,15.0,-15.0,-10.714285714285714,0.0,0.0,,1.0,-1.0,-100.0,41.0,-41.0,-29.28571428571429,1.0,-1.0,-100.0,5.0,-5.0,-100.0,1.0,-1.0,-50.0,43.98863489584554,65.0,1
27,2,chol,193,50.0,1.0,4.0,140.0,231.0,0.0,1.0,140.0,1.0,5.0,2.0,1.0,50.0,1.0,2.0,139.0,193.0,0.0,0.0,141.0,0.0,0.4348252761862189,1.0,0.0,2.0,-2.0,-50.0,1.0,-1.0,-0.7142857142857143,0.0,0.0,,1.0,-1.0,-100.0,1.0,1.0,0.7142857142857143,1.0,-1.0,-100.0,4.565174723813781,-4.565174723813781,-91.30349447627563,1.0,-1.0,-50.0,5.462675192517695,11.565174723813781,1
27,3,chol,199,50.0,1.0,4.0,140.0,231.0,0.0,1.0,140.0,1.0,5.0,2.0,1.0,50.0,1.0,4.0,130.0,199.0,0.0,0.0,130.0,0.0,0.0,2.0,0.0,0.0,0.0,0.0,10.0,-10.0,-7.142857142857142,0.0,0.0,,1.0,-1.0,-100.0,10.0,-10.0,-7.142857142857142,1.0,-1.0,-100.0,5.0,-5.0,-100.0,0.0,0.0,0.0,15.066519173319364,27.0,1
27,4,chol,150,50.0,1.0,4.0,140.0,231.0,0.0,1.0,140.0,1.0,5.0,2.0,1.0,50.0,1.0,3.0,123.0,150.0,0.0,0.0,188.0,0.0,0.0,2.0,0.0,1.0,-1.0,-25.0,17.0,-17.0,-12.142857142857142,0.0,0.0,,1.0,-1.0,-100.0,48.0,48.0,34.285714285714285,1.0,-1.0,-100.0,5.0,-5.0,-100.0,0.0,0.0,0.0,51.19570294468082,73.0,1
