age,sex,cp,trestbps,chol,fbs,restecg,thalach,exang,oldpeak,slope,target,instance_id,cf_id
50,1,3,161,199,0,0,151,0,1.6145271119151725,1,0,27,0
50,1,4,134,199,0,0,158,0,0.0,2,0,27,1
50,1,3,111,199,0,0,176,0,0.0,1,0,27,3
50,1,1,133,150,0,1,159,0,0.5145271119151723,1,0,27,4
