age,sex,cp,trestbps,chol,fbs,restecg,thalach,exang,oldpeak,slope,target,instance_id,cf_id
50,1,4,119,199,0,1,123,0,0.0,1,0,27,0
50,1,3,128,199,0,2,132,0,0.0,2,0,27,1
50,1,3,134,193,0,2,142,0,0.44080605136919404,1,0,27,2
50,1,2,130,150,0,0,138,0,0.7408060513691941,1,0,27,4
