instance_id,cf_id,intervention_type,intervention_value,orig_age,orig_sex,orig_cp,orig_trestbps,orig_chol,orig_fbs,orig_restecg,orig_thalach,orig_exang,orig_oldpeak,orig_slope,orig_target,cf_age,cf_sex,cf_cp,cf_trestbps,cf_chol,cf_fbs,cf_restecg,cf_thalach,cf_exang,cf_oldpeak,cf_slope,cf_target,dist_cp,change_cp,pct_change_cp,dist_trestbps,change_trestbps,pct_change_trestbps,dist_fbs,change_fbs,pct_change_fbs,dist_restecg,change_restecg,pct_change_restecg,dist_thalach,change_thalach,pct_change_thalach,dist_exang,change_exang,pct_change_exang,dist_oldpeak,change_oldpeak,pct_change_oldpeak,dist_slope,change_slope,pct_change_slope,euclidean_distance,manhattan_distance,target_changed
28,0,chol,199,54.0,1.0,4.0,125.0,224.0,0.0,0.0,122.0,0.0,2.0,2.0,1.0,54.0,1.0,3.0,156.0,199.0,0.0,0.0,127.0,1.0,1.0651747238137812,1.0,2.0,1.0,-1.0,-25.0,31.0,31.0,24.8,0.0,0.0,,0.0,0.0,,5.0,5.0,4.098360655737705,1.0,1.0,,0.9348252761862188,-0.9348252761862188,-46.74126380931094,1.0,-1.0,-50.0,31.462261493684725,39.93482527618622,0
28,1,chol,182,54.0,1.0,4.0,125.0,224.0,0.0,0.0,122.0,0.0,2.0,2.0,1.0,54.0,1.0,4.0,113.0,182.0,0.0,2.0,116.0,0.0,0.0,1.0,0.0,0.0,0.0,0.0,12.0,-12.0,-9.6,0.0,0.0,,2.0,2.0,,6.0,-6.0,-4.918032786885246,0.0,0.0,,2.0,-2.0,-100.0,1.0,-1.0,-50.0,13.74772708486752,23.0,1
28,2,chol,184,54.0,1.0,4.0,125.0,224.0,0.0,0.0,122.0,0.0,2.0,2.0,1.0,54.0,1.0,3.0,117.0,184.0,0.0,0.0,118.0,0.0,0.0,2.0,0.0,1.0,-1.0,-25.0,8.0,-8.0,-6.4,0.0,0.0,,0.0,0.0,,4.0,-4.0,-3.278688524590164,0.0,0.0,,2.0,-2.0,-100.0,0.0,0.0,0.0,9.219544457292887,15.0,1
28,3,chol,156,54.0,1.0,4.0,125.0,224.0,0.0,0.0,122.0,0.0,2.0,2.0,1.0,54.0,1.0,4.0,144.0,156.0,0.0,0.0,106.0,1.0,2.6,3.0,1.0,0.0,0.0,0.0,19.0,19.0,15.2,0.0,0.0,,0.0,0.0,,16.0,-16.0,-13.114754098360656,1.0,1.0,,0.6000000000000001,0.6000000000000001,30.000000000000004,1.0,1.0,50.0,24.88694436848365,37.6,0
28,4,chol,197,54.0,1.0,4.0,125.0,224.0,0.0,0.0,122.0,0.0,2.0,2.0,1.0,54.0,1.0,4.0,101.0,197.0,0.0,2.0,105.0,1.0,1.0651747238137812,2.0,1.0,0.0,0.0,0.0,24.0,-24.0,-19.2,0.0,0.0,,2.0,2.0,,17.0,-17.0,-13.934426229508196,1.0,1.0,,0.9348252761862188,-0.9348252761862188,-46.74126380931094,0.0,0.0,0.0,29.510572652813714,44.93482527618622,0
