instance_id,cf_id,intervention_type,intervention_value,orig_age,orig_sex,orig_cp,orig_trestbps,orig_chol,orig_fbs,orig_restecg,orig_thalach,orig_exang,orig_oldpeak,orig_slope,orig_target,cf_age,cf_sex,cf_cp,cf_trestbps,cf_chol,cf_fbs,cf_restecg,cf_thalach,cf_exang,cf_oldpeak,cf_slope,cf_target,dist_cp,change_cp,pct_change_cp,dist_trestbps,change_trestbps,pct_change_trestbps,dist_fbs,change_fbs,pct_change_fbs,dist_restecg,change_restecg,pct_change_restecg,dist_thalach,change_thalach,pct_change_thalach,dist_exang,change_exang,pct_change_exang,dist_oldpeak,change_oldpeak,pct_change_oldpeak,dist_slope,change_slope,pct_change_slope,euclidean_distance,manhattan_distance,target_changed
29,0,chol,213,60.0,1.0,4.0,140.0,293.0,0.0,2.0,170.0,0.0,1.2,2.0,1.0,60.0,1.0,4.0,121.0,213.0,0.0,0.0,128.0,1.0,0.8,2.0,1.0,0.0,0.0,0.0,19.0,-19.0,-13.571428571428571,0.0,0.0,,2.0,-2.0,-100.0,42.0,-42.0,-24.705882352941178,1.0,1.0,,0.3999999999999999,-0.3999999999999999,-33.33333333333333,0.0,0.0,0.0,46.15365640986638,64.4,0
29,1,chol,244,60.0,1.0,4.0,140.0,293.0,0.0,2.0,170.0,0.0,1.2,2.0,1.0,60.0,1.0,4.0,131.0,244.0,0.0,0.0,140.0,0.0,0.0,2.0,1.0,0.0,0.0,0.0,9.0,-9.0,-6.428571428571428,0.0,0.0,,2.0,-2.0,-100.0,30.0,-30.0,-17.647058823529413,0.0,0.0,,1.2,-1.2,-100.0,0.0,0.0,0.0,31.407642382070005,42.2,0
29,2,chol,245,60.0,1.0,4.0,140.0,293.0,0.0,2.0,170.0,0.0,1.2,2.0,1.0,60.0,1.0,4.0,132.0,245.0,0.0,0.0,130.0,1.0,4.0,1.0,1.0,0.0,0.0,0.0,8.0,-8.0,-5.714285714285714,0.0,0.0,,2.0,-2.0,-100.0,40.0,-40.0,-23.52941176470588,1.0,1.0,,2.8,2.8,233.33333333333334,1.0,-1.0,-50.0,40.96144528700129,54.8,0
29,3,chol,213,60.0,1.0,4.0,140.0,293.0,0.0,2.0,170.0,0.0,1.2,2.0,1.0,60.0,1.0,3.0,113.0,213.0,0.0,2.0,159.0,0.0,1.0651747238137812,2.0,1.0,1.0,-1.0,-25.0,27.0,-27.0,-19.28571428571429,0.0,0.0,,0.0,0.0,0.0,11.0,-11.0,-6.470588235294119,0.0,0.0,,0.13482527618621876,-0.13482527618621876,-11.235439682184897,0.0,0.0,0.0,29.172215854389577,39.13482527618622,0
29,4,chol,208,60.0,1.0,4.0,140.0,293.0,0.0,2.0,170.0,0.0,1.2,2.0,1.0,60.0,1.0,4.0,119.0,208.0,0.0,0.0,158.0,0.0,2.0,2.0,1.0,0.0,0.0,0.0,21.0,-21.0,-15.0,0.0,0.0,,2.0,-2.0,-100.0,12.0,-12.0,-7.0588235294117645,0.0,0.0,,0.8,0.8,66.66666666666667,0.0,0.0,0.0,24.28250398949828,35.8,0
