instance_id,cf_id,euclidean_distance,manhattan_distance,cp,trestbps,fbs,restecg,thalach,exang,oldpeak,slope
29,3,52.58773500618086,65.68547288808483,2.0,7.0,0.0,2.0,52.0,0.0,0.6854728880848276,2.0
29,4,20.109832072108016,34.18547288808483,2.0,13.0,0.0,2.0,15.0,0.0,1.1854728880848278,1.0
