age,sex,cp,trestbps,chol,fbs,restecg,thalach,exang,oldpeak,slope,target,instance_id,cf_id
60,1,2,133,213,0,0,118,0,0.5145271119151723,0,0,29,3
60,1,2,127,208,0,0,155,0,0.014527111915172308,1,0,29,4
