instance_id,cf_id,intervention_type,intervention_value,orig_age,orig_sex,orig_cp,orig_trestbps,orig_chol,orig_fbs,orig_restecg,orig_thalach,orig_exang,orig_oldpeak,orig_slope,orig_target,cf_age,cf_sex,cf_cp,cf_trestbps,cf_chol,cf_fbs,cf_restecg,cf_thalach,cf_exang,cf_oldpeak,cf_slope,cf_target,dist_cp,change_cp,pct_change_cp,dist_trestbps,change_trestbps,pct_change_trestbps,dist_fbs,change_fbs,pct_change_fbs,dist_restecg,change_restecg,pct_change_restecg,dist_thalach,change_thalach,pct_change_thalach,dist_exang,change_exang,pct_change_exang,dist_oldpeak,change_oldpeak,pct_change_oldpeak,dist_slope,change_slope,pct_change_slope,euclidean_distance,manhattan_distance,target_changed
2,0,chol,170,38.0,1.0,4.0,110.0,190.0,0.0,0.0,150.0,1.0,1.0,2.0,1.0,38.0,1.0,4.0,112.0,170.0,0.0,2.0,120.0,0.0,0.3,2.0,0.0,0.0,0.0,0.0,2.0,2.0,1.8181818181818181,0.0,0.0,,2.0,2.0,,30.0,-30.0,-20.0,1.0,-1.0,-100.0,0.7,-0.7,-70.0,0.0,0.0,0.0,30.157751905604634,35.7,1
2,1,chol,169,38.0,1.0,4.0,110.0,190.0,0.0,0.0,150.0,1.0,1.0,2.0,1.0,38.0,1.0,1.0,118.0,169.0,0.0,1.0,149.0,0.0,0.0,1.0,0.0,3.0,-3.0,-75.0,8.0,8.0,7.2727272727272725,0.0,0.0,,1.0,1.0,,1.0,-1.0,-0.6666666666666667,1.0,-1.0,-100.0,1.0,-1.0,-100.0,1.0,-1.0,-50.0,8.831760866327848,16.0,1
2,2,chol,157,38.0,1.0,4.0,110.0,190.0,0.0,0.0,150.0,1.0,1.0,2.0,1.0,38.0,1.0,3.0,130.0,157.0,0.0,0.0,145.0,0.0,0.0,2.0,-1.0,1.0,-1.0,-25.0,20.0,20.0,18.181818181818183,0.0,0.0,,0.0,0.0,,5.0,-5.0,-3.3333333333333335,1.0,-1.0,-100.0,1.0,-1.0,-100.0,0.0,0.0,0.0,20.688160865577203,28.0,0
2,3,chol,157,38.0,1.0,4.0,110.0,190.0,0.0,0.0,150.0,1.0,1.0,2.0,1.0,38.0,1.0,1.0,154.0,157.0,0.0,1.0,136.0,0.0,0.0,1.0,0.0,3.0,-3.0,-75.0,44.0,44.0,40.0,0.0,0.0,,1.0,1.0,,14.0,-14.0,-9.333333333333334,1.0,-1.0,-100.0,1.0,-1.0,-100.0,1.0,-1.0,-50.0,46.314144707637645,65.0,1
2,4,chol,151,38.0,1.0,4.0,110.0,190.0,0.0,0.0,150.0,1.0,1.0,2.0,1.0,38.0,1.0,3.0,125.0,151.0,0.0,2.0,146.0,0.0,0.9348252761862189,1.0,-1.0,1.0,-1.0,-25.0,15.0,15.0,13.636363636363635,0.0,0.0,,2.0,2.0,,4.0,-4.0,-2.666666666666667,1.0,-1.0,-100.0,0.06517472381378109,-0.06517472381378109,-6.517472381378109,1.0,-1.0,-50.0,15.748150613472815,24.06517472381378,0
