instance_id,cf_id,euclidean_distance,manhattan_distance,cp,trestbps,fbs,restecg,thalach,exang,oldpeak,slope
2,0,30.199341235149163,36.01452711191517,2.0,2.0,0.0,2.0,30.0,0.0,0.01452711191517242,0.0
2,1,34.46215315385851,43.8,2.0,5.0,0.0,0.0,34.0,1.0,0.8,1.0
