instance_id,cf_id,euclidean_distance,manhattan_distance,cp,trestbps,fbs,restecg,thalach,exang,oldpeak,slope
2,0,10.954451150103322,18.0,1.0,4.0,0.0,0.0,10.0,1.0,1.0,1.0
2,2,26.153393661244042,40.0,1.0,24.0,0.0,2.0,10.0,1.0,1.0,1.0
2,3,38.07886552931954,42.0,0.0,2.0,0.0,0.0,38.0,1.0,1.0,0.0
2,4,22.278076619676693,32.559193948630806,2.0,7.0,0.0,0.0,21.0,1.0,0.559193948630806,1.0
