instance_id,cf_id,intervention_type,intervention_value,orig_age,orig_sex,orig_cp,orig_trestbps,orig_chol,orig_fbs,orig_restecg,orig_thalach,orig_exang,orig_oldpeak,orig_slope,orig_target,cf_age,cf_sex,cf_cp,cf_trestbps,cf_chol,cf_fbs,cf_restecg,cf_thalach,cf_exang,cf_oldpeak,cf_slope,cf_target,dist_cp,change_cp,pct_change_cp,dist_trestbps,change_trestbps,pct_change_trestbps,dist_fbs,change_fbs,pct_change_fbs,dist_restecg,change_restecg,pct_change_restecg,dist_thalach,change_thalach,pct_change_thalach,dist_exang,change_exang,pct_change_exang,dist_oldpeak,change_oldpeak,pct_change_oldpeak,dist_slope,change_slope,pct_change_slope,euclidean_distance,manhattan_distance,target_changed
30,0,chol,233,63.0,1.0,4.0,130.0,330.0,1.0,2.0,132.0,1.0,1.8,1.0,1.0,63.0,1.0,4.0,136.0,233.0,1.0,0.0,112.0,1.0,1.0,2.0,1.0,0.0,0.0,0.0,6.0,6.0,4.615384615384616,0.0,0.0,0.0,2.0,-2.0,-100.0,20.0,-20.0,-15.151515151515152,0.0,0.0,0.0,0.8,-0.8,-44.44444444444445,1.0,1.0,100.0,21.015232570685484,29.8,0
30,1,chol,204,63.0,1.0,4.0,130.0,330.0,1.0,2.0,132.0,1.0,1.8,1.0,1.0,63.0,1.0,4.0,148.0,204.0,1.0,0.0,125.0,1.0,2.0,3.0,1.0,0.0,0.0,0.0,18.0,18.0,13.846153846153847,0.0,0.0,0.0,2.0,-2.0,-100.0,7.0,-7.0,-5.303030303030303,0.0,0.0,0.0,0.19999999999999996,0.19999999999999996,11.111111111111107,2.0,2.0,200.0,19.5202459000905,29.2,0
30,2,chol,233,63.0,1.0,4.0,130.0,330.0,1.0,2.0,132.0,1.0,1.8,1.0,1.0,63.0,1.0,3.0,138.0,233.0,1.0,1.0,131.0,1.0,2.0,2.0,1.0,1.0,-1.0,-25.0,8.0,8.0,6.153846153846154,0.0,0.0,0.0,1.0,-1.0,-50.0,1.0,-1.0,-0.7575757575757576,0.0,0.0,0.0,0.19999999999999996,0.19999999999999996,11.111111111111107,1.0,1.0,100.0,8.248636250920512,12.2,0
30,3,chol,223,63.0,1.0,4.0,130.0,330.0,1.0,2.0,132.0,1.0,1.8,1.0,1.0,63.0,1.0,4.0,114.0,223.0,1.0,1.0,142.0,1.0,1.5,2.0,2.0,0.0,0.0,0.0,16.0,-16.0,-12.307692307692308,0.0,0.0,0.0,1.0,-1.0,-50.0,10.0,10.0,7.575757575757576,0.0,0.0,0.0,0.30000000000000004,-0.30000000000000004,-16.666666666666668,1.0,1.0,100.0,18.92326610286924,28.3,0
30,4,chol,246,63.0,1.0,4.0,130.0,330.0,1.0,2.0,132.0,1.0,1.8,1.0,1.0,63.0,1.0,3.0,140.0,246.0,1.0,0.0,122.0,0.0,0.0,1.0,0.0,1.0,-1.0,-25.0,10.0,10.0,7.6923076923076925,0.0,0.0,0.0,2.0,-2.0,-100.0,10.0,-10.0,-7.575757575757576,1.0,-1.0,-100.0,1.8,-1.8,-100.0,0.0,0.0,0.0,14.465130486794788,25.8,1
