instance_id,cf_id,euclidean_distance,manhattan_distance,cp,trestbps,fbs,restecg,thalach,exang,oldpeak,slope
30,0,10.919706955774958,19.8,2.0,10.0,0.0,1.0,3.0,1.0,1.8,1.0
30,3,24.208387428363473,30.21452711191517,1.0,24.0,0.0,2.0,2.0,1.0,0.21452711191517237,0.0
30,4,27.929196193231196,44.2,1.0,22.0,0.0,2.0,17.0,1.0,0.19999999999999996,1.0
