instance_id,cf_id,intervention_type,intervention_value,orig_age,orig_sex,orig_cp,orig_trestbps,orig_chol,orig_fbs,orig_restecg,orig_thalach,orig_exang,orig_oldpeak,orig_slope,orig_target,cf_age,cf_sex,cf_cp,cf_trestbps,cf_chol,cf_fbs,cf_restecg,cf_thalach,cf_exang,cf_oldpeak,cf_slope,cf_target,dist_cp,change_cp,pct_change_cp,dist_trestbps,change_trestbps,pct_change_trestbps,dist_fbs,change_fbs,pct_change_fbs,dist_restecg,change_restecg,pct_change_restecg,dist_thalach,change_thalach,pct_change_thalach,dist_exang,change_exang,pct_change_exang,dist_oldpeak,change_oldpeak,pct_change_oldpeak,dist_slope,change_slope,pct_change_slope,euclidean_distance,manhattan_distance,target_changed
31,0,chol,153,58.0,1.0,4.0,150.0,270.0,0.0,2.0,111.0,1.0,0.8,1.0,1.0,58.0,1.0,4.0,103.0,153.0,0.0,0.0,148.0,1.0,1.0651747238137812,2.0,1.0,0.0,0.0,0.0,47.0,-47.0,-31.333333333333336,0.0,0.0,,2.0,-2.0,-100.0,37.0,37.0,33.33333333333333,0.0,0.0,0.0,0.26517472381378115,0.26517472381378115,33.146840476722645,1.0,1.0,100.0,59.85875305779557,87.26517472381379,0
31,1,chol,153,58.0,1.0,4.0,150.0,270.0,0.0,2.0,111.0,1.0,0.8,1.0,1.0,58.0,1.0,4.0,138.0,153.0,0.0,1.0,112.0,1.0,2.0,3.0,1.0,0.0,0.0,0.0,12.0,-12.0,-8.0,0.0,0.0,,1.0,-1.0,-50.0,1.0,1.0,0.9009009009009009,0.0,0.0,0.0,1.2,1.2,149.99999999999997,2.0,2.0,200.0,12.306096050332128,17.2,0
31,2,chol,150,58.0,1.0,4.0,150.0,270.0,0.0,2.0,111.0,1.0,0.8,1.0,1.0,58.0,1.0,3.0,141.0,150.0,0.0,2.0,141.0,1.0,2.265174723813781,2.0,1.0,1.0,-1.0,-25.0,9.0,-9.0,-6.0,0.0,0.0,,0.0,0.0,0.0,30.0,30.0,27.027027027027028,0.0,0.0,0.0,1.4651747238137809,1.4651747238137809,183.14684047672262,1.0,1.0,100.0,31.387047280228554,42.46517472381378,0
31,3,chol,204,58.0,1.0,4.0,150.0,270.0,0.0,2.0,111.0,1.0,0.8,1.0,1.0,58.0,1.0,4.0,148.0,204.0,0.0,1.0,168.0,1.0,1.3,2.0,1.0,0.0,0.0,0.0,2.0,-2.0,-1.3333333333333335,0.0,0.0,,1.0,-1.0,-50.0,57.0,57.0,51.35135135135135,0.0,0.0,0.0,0.5,0.5,62.5,1.0,1.0,100.0,57.05479822065801,61.5,0
31,4,chol,166,58.0,1.0,4.0,150.0,270.0,0.0,2.0,111.0,1.0,0.8,1.0,1.0,58.0,1.0,2.0,109.0,166.0,0.0,0.0,180.0,0.0,0.0,2.0,0.0,2.0,-2.0,-50.0,41.0,-41.0,-27.333333333333332,0.0,0.0,,2.0,-2.0,-100.0,69.0,69.0,62.16216216216216,1.0,-1.0,-100.0,0.8,-0.8,-100.0,1.0,1.0,100.0,80.3283262616619,116.8,1
