instance_id,cf_id,euclidean_distance,manhattan_distance,cp,trestbps,fbs,restecg,thalach,exang,oldpeak,slope
31,1,64.37111153304718,79.8,0.0,13.0,0.0,2.0,63.0,1.0,0.8,0.0
31,2,25.651514790300016,38.01452711191517,1.0,20.0,0.0,0.0,16.0,1.0,0.014527111915172308,0.0
31,3,19.365949499056327,25.2,0.0,3.0,0.0,2.0,19.0,1.0,0.19999999999999996,0.0
