instance_id,cf_id,intervention_type,intervention_value,orig_age,orig_sex,orig_cp,orig_trestbps,orig_chol,orig_fbs,orig_restecg,orig_thalach,orig_exang,orig_oldpeak,orig_slope,orig_target,cf_age,cf_sex,cf_cp,cf_trestbps,cf_chol,cf_fbs,cf_restecg,cf_thalach,cf_exang,cf_oldpeak,cf_slope,cf_target,dist_cp,change_cp,pct_change_cp,dist_trestbps,change_trestbps,pct_change_trestbps,dist_fbs,change_fbs,pct_change_fbs,dist_restecg,change_restecg,pct_change_restecg,dist_thalach,change_thalach,pct_change_thalach,dist_exang,change_exang,pct_change_exang,dist_oldpeak,change_oldpeak,pct_change_oldpeak,dist_slope,change_slope,pct_change_slope,euclidean_distance,manhattan_distance,target_changed
32,0,chol,223,45.0,1.0,1.0,110.0,264.0,0.0,0.0,132.0,0.0,1.2,2.0,1.0,45.0,1.0,4.0,132.0,223.0,0.0,0.0,88.0,1.0,4.0,3.0,1.0,3.0,3.0,300.0,22.0,22.0,20.0,0.0,0.0,,0.0,0.0,,44.0,-44.0,-33.33333333333333,1.0,1.0,,2.8,2.8,233.33333333333334,1.0,1.0,50.0,49.38461298825779,73.8,0
32,1,chol,229,45.0,1.0,1.0,110.0,264.0,0.0,0.0,132.0,0.0,1.2,2.0,1.0,45.0,1.0,4.0,141.0,229.0,0.0,0.0,122.0,0.0,0.0,2.0,0.0,3.0,3.0,300.0,31.0,31.0,28.18181818181818,0.0,0.0,,0.0,0.0,,10.0,-10.0,-7.575757575757576,0.0,0.0,,1.2,-1.2,-100.0,0.0,0.0,0.0,32.73285810924552,45.2,1
32,2,chol,181,45.0,1.0,1.0,110.0,264.0,0.0,0.0,132.0,0.0,1.2,2.0,1.0,45.0,1.0,3.0,112.0,181.0,0.0,0.0,142.0,0.0,0.0,1.0,0.0,2.0,2.0,200.0,2.0,2.0,1.8181818181818181,0.0,0.0,,0.0,0.0,,10.0,10.0,7.575757575757576,0.0,0.0,,1.2,-1.2,-100.0,1.0,-1.0,-50.0,10.50904372433572,16.2,1
32,3,chol,229,45.0,1.0,1.0,110.0,264.0,0.0,0.0,132.0,0.0,1.2,2.0,1.0,45.0,1.0,2.0,133.0,229.0,0.0,1.0,179.0,0.0,0.0,1.0,-1.0,1.0,1.0,100.0,23.0,23.0,20.909090909090907,0.0,0.0,,1.0,1.0,,47.0,47.0,35.60606060606061,0.0,0.0,,1.2,-1.2,-100.0,1.0,-1.0,-50.0,52.368311028712775,74.2,0
32,4,chol,150,45.0,1.0,1.0,110.0,264.0,0.0,0.0,132.0,0.0,1.2,2.0,1.0,45.0,1.0,3.0,131.0,150.0,0.0,0.0,114.0,0.0,0.0,1.0,0.0,2.0,2.0,200.0,21.0,21.0,19.090909090909093,0.0,0.0,,0.0,0.0,,18.0,-18.0,-13.636363636363635,0.0,0.0,,1.2,-1.2,-100.0,1.0,-1.0,-50.0,27.77480873021451,43.2,1
