instance_id,cf_id,euclidean_distance,manhattan_distance,cp,trestbps,fbs,restecg,thalach,exang,oldpeak,slope
32,0,3.3823069050575527,7.2,2.0,1.0,0.0,0.0,2.0,0.0,1.2,1.0
32,3,29.301003286675105,36.74080605136919,3.0,29.0,0.0,2.0,2.0,0.0,0.7408060513691941,0.0
32,4,27.772516952415124,41.559193948630806,3.0,9.0,0.0,2.0,26.0,0.0,0.559193948630806,1.0
