instance_id,cf_id,euclidean_distance,manhattan_distance,cp,trestbps,fbs,restecg,thalach,exang,oldpeak,slope
32,0,41.61057557881169,57.2,2.0,11.0,0.0,2.0,40.0,0.0,1.2,1.0
32,1,37.881393849751625,47.0,1.0,8.0,0.0,0.0,37.0,0.0,1.0,0.0
32,2,40.00549962192699,56.2,2.0,15.0,0.0,0.0,37.0,0.0,1.2,1.0
32,4,35.47125596874179,54.1,2.0,24.0,0.0,0.0,26.0,0.0,1.1,1.0
