age,sex,cp,trestbps,chol,fbs,restecg,thalach,exang,oldpeak,slope,target,instance_id,cf_id
45,1,3,109,223,0,0,130,0,0.0,1,0,32,0
45,1,4,139,229,0,2,130,0,1.940806051369194,2,0,32,3
45,1,4,119,150,0,2,158,0,0.640806051369194,1,0,32,4
