instance_id,cf_id,intervention_type,intervention_value,orig_age,orig_sex,orig_cp,orig_trestbps,orig_chol,orig_fbs,orig_restecg,orig_thalach,orig_exang,orig_oldpeak,orig_slope,orig_target,cf_age,cf_sex,cf_cp,cf_trestbps,cf_chol,cf_fbs,cf_restecg,cf_thalach,cf_exang,cf_oldpeak,cf_slope,cf_target,dist_cp,change_cp,pct_change_cp,dist_trestbps,change_trestbps,pct_change_trestbps,dist_fbs,change_fbs,pct_change_fbs,dist_restecg,change_restecg,pct_change_restecg,dist_thalach,change_thalach,pct_change_thalach,dist_exang,change_exang,pct_change_exang,dist_oldpeak,change_oldpeak,pct_change_oldpeak,dist_slope,change_slope,pct_change_slope,euclidean_distance,manhattan_distance,target_changed
33,0,chol,150,54.0,1.0,4.0,140.0,166.0,0.0,0.0,118.0,1.0,0.0,2.0,1.0,54.0,1.0,3.0,134.0,150.0,0.0,2.0,132.0,0.0,0.0,1.0,0.0,1.0,-1.0,-25.0,6.0,-6.0,-4.285714285714286,0.0,0.0,,2.0,2.0,,14.0,14.0,11.864406779661017,1.0,-1.0,-100.0,0.0,0.0,,1.0,-1.0,-50.0,15.459624833740307,25.0,1
33,1,chol,150,54.0,1.0,4.0,140.0,166.0,0.0,0.0,118.0,1.0,0.0,2.0,1.0,54.0,1.0,3.0,116.0,150.0,0.0,0.0,135.0,0.0,0.4348252761862189,1.0,0.0,1.0,-1.0,-25.0,24.0,-24.0,-17.142857142857142,0.0,0.0,,0.0,0.0,,17.0,17.0,14.40677966101695,1.0,-1.0,-100.0,0.4348252761862189,0.4348252761862189,,1.0,-1.0,-50.0,29.465048328838872,44.43482527618622,1
33,2,chol,150,54.0,1.0,4.0,140.0,166.0,0.0,0.0,118.0,1.0,0.0,2.0,1.0,54.0,1.0,3.0,146.0,150.0,0.0,0.0,119.0,1.0,1.0651747238137812,1.0,2.0,1.0,-1.0,-25.0,6.0,6.0,4.285714285714286,0.0,0.0,,0.0,0.0,,1.0,1.0,0.847457627118644,0.0,0.0,0.0,1.0651747238137812,1.0651747238137812,,1.0,-1.0,-50.0,6.335187226298191,10.065174723813781,0
33,3,chol,149,54.0,1.0,4.0,140.0,166.0,0.0,0.0,118.0,1.0,0.0,2.0,1.0,54.0,1.0,3.0,127.0,149.0,0.0,1.0,98.0,1.0,1.0651747238137812,2.0,1.0,1.0,-1.0,-25.0,13.0,-13.0,-9.285714285714286,0.0,0.0,,1.0,1.0,,20.0,-20.0,-16.94915254237288,0.0,0.0,0.0,1.0651747238137812,1.0651747238137812,,0.0,0.0,0.0,23.919335216352728,36.06517472381378,0
33,4,chol,150,54.0,1.0,4.0,140.0,166.0,0.0,0.0,118.0,1.0,0.0,2.0,1.0,54.0,1.0,4.0,144.0,150.0,0.0,0.0,126.0,0.0,0.0,1.0,0.0,0.0,0.0,0.0,4.0,4.0,2.857142857142857,0.0,0.0,,0.0,0.0,,8.0,8.0,6.779661016949152,1.0,-1.0,-100.0,0.0,0.0,,1.0,-1.0,-50.0,9.055385138137417,14.0,1
