age,sex,cp,trestbps,chol,fbs,restecg,thalach,exang,oldpeak,slope,target,instance_id,cf_id
54,1,2,133,150,0,2,144,0,3.0145271119151724,1,0,33,1
54,1,3,124,150,0,0,176,0,0.014527111915172308,2,0,33,2
