instance_id,cf_id,intervention_type,intervention_value,orig_age,orig_sex,orig_cp,orig_trestbps,orig_chol,orig_fbs,orig_restecg,orig_thalach,orig_exang,orig_oldpeak,orig_slope,orig_target,cf_age,cf_sex,cf_cp,cf_trestbps,cf_chol,cf_fbs,cf_restecg,cf_thalach,cf_exang,cf_oldpeak,cf_slope,cf_target,dist_cp,change_cp,pct_change_cp,dist_trestbps,change_trestbps,pct_change_trestbps,dist_fbs,change_fbs,pct_change_fbs,dist_restecg,change_restecg,pct_change_restecg,dist_thalach,change_thalach,pct_change_thalach,dist_exang,change_exang,pct_change_exang,dist_oldpeak,change_oldpeak,pct_change_oldpeak,dist_slope,change_slope,pct_change_slope,euclidean_distance,manhattan_distance,target_changed
34,0,chol,204,64.0,1.0,4.0,120.0,246.0,0.0,2.0,96.0,1.0,2.2,3.0,1.0,64.0,1.0,4.0,131.0,204.0,0.0,0.0,110.0,1.0,1.0651747238137812,2.0,1.0,0.0,0.0,0.0,11.0,11.0,9.166666666666666,0.0,0.0,,2.0,-2.0,-100.0,14.0,14.0,14.583333333333334,0.0,0.0,0.0,1.134825276186219,-1.134825276186219,-51.58296709937359,1.0,-1.0,-33.33333333333333,17.980206572992177,29.13482527618622,0
34,1,chol,200,64.0,1.0,4.0,120.0,246.0,0.0,2.0,96.0,1.0,2.2,3.0,1.0,64.0,1.0,4.0,120.0,200.0,0.0,2.0,140.0,1.0,1.0651747238137812,2.0,1.0,0.0,0.0,0.0,0.0,0.0,0.0,0.0,0.0,,0.0,0.0,0.0,44.0,44.0,45.83333333333333,0.0,0.0,0.0,1.134825276186219,-1.134825276186219,-51.58296709937359,1.0,-1.0,-33.33333333333333,44.02599037395378,46.13482527618622,0
34,2,chol,157,64.0,1.0,4.0,120.0,246.0,0.0,2.0,96.0,1.0,2.2,3.0,1.0,64.0,1.0,4.0,138.0,157.0,0.0,0.0,175.0,1.0,1.0651747238137812,2.0,1.0,0.0,0.0,0.0,18.0,18.0,15.0,0.0,0.0,,2.0,-2.0,-100.0,79.0,79.0,82.29166666666666,0.0,0.0,0.0,1.134825276186219,-1.134825276186219,-51.58296709937359,1.0,-1.0,-33.33333333333333,81.06348023868375,101.13482527618622,0
34,3,chol,150,64.0,1.0,4.0,120.0,246.0,0.0,2.0,96.0,1.0,2.2,3.0,1.0,64.0,1.0,2.0,135.0,150.0,0.0,0.0,165.0,0.0,0.0,2.0,0.0,2.0,-2.0,-50.0,15.0,15.0,12.5,0.0,0.0,,2.0,-2.0,-100.0,69.0,69.0,71.875,1.0,-1.0,-100.0,2.2,-2.2,-100.0,1.0,-1.0,-33.33333333333333,70.7166175661704,92.2,1
