instance_id,cf_id,intervention_type,intervention_value,orig_age,orig_sex,orig_cp,orig_trestbps,orig_chol,orig_fbs,orig_restecg,orig_thalach,orig_exang,orig_oldpeak,orig_slope,orig_target,cf_age,cf_sex,cf_cp,cf_trestbps,cf_chol,cf_fbs,cf_restecg,cf_thalach,cf_exang,cf_oldpeak,cf_slope,cf_target,dist_cp,change_cp,pct_change_cp,dist_trestbps,change_trestbps,pct_change_trestbps,dist_fbs,change_fbs,pct_change_fbs,dist_restecg,change_restecg,pct_change_restecg,dist_thalach,change_thalach,pct_change_thalach,dist_exang,change_exang,pct_change_exang,dist_oldpeak,change_oldpeak,pct_change_oldpeak,dist_slope,change_slope,pct_change_slope,euclidean_distance,manhattan_distance,target_changed
35,0,chol,261,67.0,1.0,4.0,100.0,299.0,0.0,2.0,125.0,1.0,0.9,2.0,1.0,67.0,1.0,4.0,146.0,261.0,0.0,0.0,150.0,0.0,1.0651747238137812,2.0,1.0,0.0,0.0,0.0,46.0,46.0,46.0,0.0,0.0,,2.0,-2.0,-100.0,25.0,25.0,20.0,1.0,-1.0,-100.0,0.16517472381378118,0.16517472381378118,18.35274709042013,0.0,0.0,0.0,52.402550345277916,74.16517472381378,0
35,1,chol,226,67.0,1.0,4.0,100.0,299.0,0.0,2.0,125.0,1.0,0.9,2.0,1.0,67.0,1.0,4.0,163.0,226.0,0.0,2.0,145.0,0.0,2.7348252761862186,1.0,0.0,0.0,0.0,0.0,63.0,63.0,63.0,0.0,0.0,,0.0,0.0,0.0,20.0,20.0,16.0,1.0,-1.0,-100.0,1.8348252761862187,1.8348252761862187,203.86947513180206,1.0,-1.0,-50.0,66.13899442684422,86.83482527618622,1
35,2,chol,240,67.0,1.0,4.0,100.0,299.0,0.0,2.0,125.0,1.0,0.9,2.0,1.0,67.0,1.0,4.0,136.0,240.0,0.0,0.0,162.0,0.0,1.1,2.0,1.0,0.0,0.0,0.0,36.0,36.0,36.0,0.0,0.0,,2.0,-2.0,-100.0,37.0,37.0,29.599999999999998,1.0,-1.0,-100.0,0.20000000000000007,0.20000000000000007,22.22222222222223,0.0,0.0,0.0,51.672429786105475,76.2,0
35,3,chol,150,67.0,1.0,4.0,100.0,299.0,0.0,2.0,125.0,1.0,0.9,2.0,1.0,67.0,1.0,4.0,138.0,150.0,0.0,0.0,112.0,1.0,1.0,2.0,1.0,0.0,0.0,0.0,38.0,38.0,38.0,0.0,0.0,,2.0,-2.0,-100.0,13.0,-13.0,-10.4,0.0,0.0,0.0,0.09999999999999998,0.09999999999999998,11.111111111111107,0.0,0.0,0.0,40.21206286675679,53.1,0
35,4,chol,261,67.0,1.0,4.0,100.0,299.0,0.0,2.0,125.0,1.0,0.9,2.0,1.0,67.0,1.0,3.0,134.0,261.0,0.0,0.0,150.0,0.0,0.0,1.0,0.0,1.0,-1.0,-25.0,34.0,34.0,34.0,0.0,0.0,,2.0,-2.0,-100.0,25.0,25.0,20.0,1.0,-1.0,-100.0,0.9,-0.9,-100.0,1.0,-1.0,-50.0,42.29432586056905,64.9,1
