instance_id,cf_id,intervention_type,intervention_value,orig_age,orig_sex,orig_cp,orig_trestbps,orig_chol,orig_fbs,orig_restecg,orig_thalach,orig_exang,orig_oldpeak,orig_slope,orig_target,cf_age,cf_sex,cf_cp,cf_trestbps,cf_chol,cf_fbs,cf_restecg,cf_thalach,cf_exang,cf_oldpeak,cf_slope,cf_target,dist_cp,change_cp,pct_change_cp,dist_trestbps,change_trestbps,pct_change_trestbps,dist_fbs,change_fbs,pct_change_fbs,dist_restecg,change_restecg,pct_change_restecg,dist_thalach,change_thalach,pct_change_thalach,dist_exang,change_exang,pct_change_exang,dist_oldpeak,change_oldpeak,pct_change_oldpeak,dist_slope,change_slope,pct_change_slope,euclidean_distance,manhattan_distance,target_changed
36,0,chol,182,56.0,1.0,4.0,150.0,213.0,1.0,0.0,125.0,1.0,1.0,2.0,1.0,56.0,1.0,2.0,126.0,182.0,1.0,0.0,128.0,1.0,0.0,2.0,1.0,2.0,-2.0,-50.0,24.0,-24.0,-16.0,0.0,0.0,0.0,0.0,0.0,,3.0,3.0,2.4,0.0,0.0,0.0,1.0,-1.0,-100.0,0.0,0.0,0.0,24.289915602982237,30.0,0
36,1,chol,169,56.0,1.0,4.0,150.0,213.0,1.0,0.0,125.0,1.0,1.0,2.0,1.0,56.0,1.0,4.0,131.0,169.0,1.0,0.0,150.0,1.0,1.0651747238137812,2.0,1.0,0.0,0.0,0.0,19.0,-19.0,-12.666666666666668,0.0,0.0,0.0,0.0,0.0,,25.0,25.0,20.0,0.0,0.0,0.0,0.0651747238137812,0.0651747238137812,6.51747238137812,0.0,0.0,0.0,31.40070457401592,44.06517472381378,0
36,2,chol,183,56.0,1.0,4.0,150.0,213.0,1.0,0.0,125.0,1.0,1.0,2.0,1.0,56.0,1.0,3.0,114.0,183.0,1.0,2.0,142.0,0.0,0.0,1.0,0.0,1.0,-1.0,-25.0,36.0,-36.0,-24.0,0.0,0.0,0.0,2.0,2.0,,17.0,17.0,13.600000000000001,1.0,-1.0,-100.0,1.0,-1.0,-100.0,1.0,-1.0,-50.0,39.91240408695021,59.0,1
36,3,chol,180,56.0,1.0,4.0,150.0,213.0,1.0,0.0,125.0,1.0,1.0,2.0,1.0,56.0,1.0,4.0,124.0,180.0,1.0,2.0,110.0,1.0,3.0,2.0,1.0,0.0,0.0,0.0,26.0,-26.0,-17.333333333333336,0.0,0.0,0.0,2.0,2.0,,15.0,-15.0,-12.0,0.0,0.0,0.0,2.0,2.0,200.0,0.0,0.0,0.0,30.14962686336267,45.0,0
36,4,chol,170,56.0,1.0,4.0,150.0,213.0,1.0,0.0,125.0,1.0,1.0,2.0,1.0,56.0,1.0,4.0,135.0,170.0,1.0,1.0,182.0,1.0,1.0651747238137812,3.0,1.0,0.0,0.0,0.0,15.0,-15.0,-10.0,0.0,0.0,0.0,1.0,1.0,,57.0,57.0,45.6,0.0,0.0,0.0,0.0651747238137812,0.0651747238137812,6.51747238137812,1.0,1.0,50.0,58.957647915640464,74.06517472381378,0
