instance_id,cf_id,intervention_type,intervention_value,orig_age,orig_sex,orig_cp,orig_trestbps,orig_chol,orig_fbs,orig_restecg,orig_thalach,orig_exang,orig_oldpeak,orig_slope,orig_target,cf_age,cf_sex,cf_cp,cf_trestbps,cf_chol,cf_fbs,cf_restecg,cf_thalach,cf_exang,cf_oldpeak,cf_slope,cf_target,dist_cp,change_cp,pct_change_cp,dist_trestbps,change_trestbps,pct_change_trestbps,dist_fbs,change_fbs,pct_change_fbs,dist_restecg,change_restecg,pct_change_restecg,dist_thalach,change_thalach,pct_change_thalach,dist_exang,change_exang,pct_change_exang,dist_oldpeak,change_oldpeak,pct_change_oldpeak,dist_slope,change_slope,pct_change_slope,euclidean_distance,manhattan_distance,target_changed
37,0,chol,150,55.0,1.0,4.0,116.0,186.0,1.0,1.0,102.0,0.0,0.0,2.0,1.0,55.0,1.0,3.0,154.0,150.0,1.0,0.0,140.0,0.0,0.0,1.0,1.0,1.0,-1.0,-25.0,38.0,38.0,32.758620689655174,0.0,0.0,0.0,1.0,-1.0,-100.0,38.0,38.0,37.254901960784316,0.0,0.0,,0.0,0.0,,1.0,-1.0,-50.0,53.76802023508026,79.0,0
37,1,chol,155,55.0,1.0,4.0,116.0,186.0,1.0,1.0,102.0,0.0,0.0,2.0,1.0,55.0,1.0,1.0,131.0,155.0,1.0,2.0,140.0,0.0,0.9348252761862189,1.0,-1.0,3.0,-3.0,-75.0,15.0,15.0,12.931034482758621,0.0,0.0,0.0,1.0,1.0,100.0,38.0,38.0,37.254901960784316,0.0,0.0,,0.9348252761862189,0.9348252761862189,,1.0,-1.0,-50.0,40.9984621455122,58.93482527618622,0
37,2,chol,161,55.0,1.0,4.0,116.0,186.0,1.0,1.0,102.0,0.0,0.0,2.0,1.0,55.0,1.0,4.0,140.0,161.0,1.0,2.0,180.0,1.0,1.665174723813781,1.0,1.0,0.0,0.0,0.0,24.0,24.0,20.689655172413794,0.0,0.0,0.0,1.0,1.0,100.0,78.0,78.0,76.47058823529412,1.0,1.0,,1.665174723813781,1.665174723813781,,1.0,-1.0,-50.0,81.64418415821686,106.66517472381378,0
37,3,chol,163,55.0,1.0,4.0,116.0,186.0,1.0,1.0,102.0,0.0,0.0,2.0,1.0,55.0,1.0,3.0,132.0,163.0,1.0,2.0,178.0,0.0,0.4348252761862189,3.0,0.0,1.0,-1.0,-25.0,16.0,16.0,13.793103448275861,0.0,0.0,0.0,1.0,1.0,100.0,76.0,76.0,74.50980392156863,0.0,0.0,,0.4348252761862189,0.4348252761862189,,1.0,1.0,50.0,77.68647934499806,95.43482527618622,1
37,4,chol,164,55.0,1.0,4.0,116.0,186.0,1.0,1.0,102.0,0.0,0.0,2.0,1.0,55.0,1.0,2.0,111.0,164.0,1.0,0.0,170.0,1.0,0.0,1.0,0.0,2.0,-2.0,-50.0,5.0,-5.0,-4.310344827586207,0.0,0.0,0.0,1.0,-1.0,-100.0,68.0,68.0,66.66666666666666,1.0,1.0,,0.0,0.0,,1.0,-1.0,-50.0,68.23488843692792,78.0,1
