instance_id,cf_id,intervention_type,intervention_value,orig_age,orig_sex,orig_cp,orig_trestbps,orig_chol,orig_fbs,orig_restecg,orig_thalach,orig_exang,orig_oldpeak,orig_slope,orig_target,cf_age,cf_sex,cf_cp,cf_trestbps,cf_chol,cf_fbs,cf_restecg,cf_thalach,cf_exang,cf_oldpeak,cf_slope,cf_target,dist_cp,change_cp,pct_change_cp,dist_trestbps,change_trestbps,pct_change_trestbps,dist_fbs,change_fbs,pct_change_fbs,dist_restecg,change_restecg,pct_change_restecg,dist_thalach,change_thalach,pct_change_thalach,dist_exang,change_exang,pct_change_exang,dist_oldpeak,change_oldpeak,pct_change_oldpeak,dist_slope,change_slope,pct_change_slope,euclidean_distance,manhattan_distance,target_changed
38,0,chol,204,55.0,1.0,3.0,136.0,245.0,1.0,1.0,131.0,1.0,1.2,2.0,1.0,55.0,1.0,4.0,133.0,204.0,1.0,2.0,98.0,1.0,0.19999999999999996,2.0,1.0,1.0,1.0,33.33333333333333,3.0,-3.0,-2.2058823529411766,0.0,0.0,0.0,1.0,1.0,100.0,33.0,-33.0,-25.190839694656486,0.0,0.0,0.0,1.0,-1.0,-83.33333333333334,0.0,0.0,0.0,33.18132004607411,39.0,0
38,1,chol,150,55.0,1.0,3.0,136.0,245.0,1.0,1.0,131.0,1.0,1.2,2.0,1.0,55.0,1.0,1.0,138.0,150.0,1.0,0.0,102.0,0.0,2.3,2.0,-1.0,2.0,-2.0,-66.66666666666666,2.0,2.0,1.4705882352941175,0.0,0.0,0.0,1.0,-1.0,-100.0,29.0,-29.0,-22.137404580152673,1.0,-1.0,-100.0,1.0999999999999999,1.0999999999999999,91.66666666666666,0.0,0.0,0.0,29.192636057745798,36.1,0
38,2,chol,220,55.0,1.0,3.0,136.0,245.0,1.0,1.0,131.0,1.0,1.2,2.0,1.0,55.0,1.0,3.0,142.0,220.0,1.0,1.0,115.0,1.0,1.0651747238137812,2.0,1.0,0.0,0.0,0.0,6.0,6.0,4.411764705882353,0.0,0.0,0.0,0.0,0.0,0.0,16.0,-16.0,-12.213740458015266,0.0,0.0,0.0,0.13482527618621876,-0.13482527618621876,-11.235439682184897,0.0,0.0,0.0,17.088539371610985,22.13482527618622,0
38,3,chol,214,55.0,1.0,3.0,136.0,245.0,1.0,1.0,131.0,1.0,1.2,2.0,1.0,55.0,1.0,1.0,116.0,214.0,1.0,0.0,140.0,1.0,0.0,2.0,2.0,2.0,-2.0,-66.66666666666666,20.0,-20.0,-14.705882352941178,0.0,0.0,0.0,1.0,-1.0,-100.0,9.0,9.0,6.870229007633588,0.0,0.0,0.0,1.2,-1.2,-100.0,0.0,0.0,0.0,22.07804339156892,33.2,0
38,4,chol,150,55.0,1.0,3.0,136.0,245.0,1.0,1.0,131.0,1.0,1.2,2.0,1.0,55.0,1.0,4.0,147.0,150.0,1.0,2.0,140.0,0.0,2.065174723813781,2.0,1.0,1.0,1.0,33.33333333333333,11.0,11.0,8.088235294117647,0.0,0.0,0.0,1.0,1.0,100.0,9.0,9.0,6.870229007633588,1.0,-1.0,-100.0,0.8651747238137812,0.8651747238137812,72.09789365114844,0.0,0.0,0.0,14.343936952689322,23.86517472381378,0
