instance_id,cf_id,euclidean_distance,manhattan_distance,cp,trestbps,fbs,restecg,thalach,exang,oldpeak,slope
39,0,20.651272989953355,28.214527111915174,3.0,4.0,0.0,0.0,20.0,0.0,1.2145271119151726,0.0
39,1,27.018512172212592,36.0,2.0,7.0,0.0,0.0,26.0,0.0,0.0,1.0
39,2,31.48015582929952,47.01452711191517,2.0,16.0,0.0,1.0,27.0,0.0,0.014527111915172308,1.0
39,4,44.61434746805113,58.2,0.0,15.0,0.0,0.0,42.0,0.0,1.2,0.0
