age,sex,cp,trestbps,chol,fbs,restecg,thalach,exang,oldpeak,slope,target,instance_id,cf_id
46,1,1,134,187,0,0,132,0,1.2145271119151726,2,0,39,0
46,1,2,137,150,0,0,138,0,0.0,1,0,39,1
46,1,2,146,196,0,1,139,0,0.014527111915172308,1,0,39,2
46,1,4,115,157,0,0,154,0,1.2,2,0,39,4
