instance_id,cf_id,intervention_type,intervention_value,orig_age,orig_sex,orig_cp,orig_trestbps,orig_chol,orig_fbs,orig_restecg,orig_thalach,orig_exang,orig_oldpeak,orig_slope,orig_target,cf_age,cf_sex,cf_cp,cf_trestbps,cf_chol,cf_fbs,cf_restecg,cf_thalach,cf_exang,cf_oldpeak,cf_slope,cf_target,dist_cp,change_cp,pct_change_cp,dist_trestbps,change_trestbps,pct_change_trestbps,dist_fbs,change_fbs,pct_change_fbs,dist_restecg,change_restecg,pct_change_restecg,dist_thalach,change_thalach,pct_change_thalach,dist_exang,change_exang,pct_change_exang,dist_oldpeak,change_oldpeak,pct_change_oldpeak,dist_slope,change_slope,pct_change_slope,euclidean_distance,manhattan_distance,target_changed
3,0,chol,173,61.0,1.0,1.0,134.0,234.0,0.0,0.0,145.0,0.0,2.6,2.0,1.0,61.0,1.0,4.0,150.0,173.0,0.0,0.0,170.0,1.0,1.0651747238137812,2.0,1.0,3.0,3.0,300.0,16.0,16.0,11.940298507462686,0.0,0.0,,0.0,0.0,,25.0,25.0,17.24137931034483,1.0,1.0,,1.534825276186219,-1.534825276186219,-59.03174139177765,0.0,0.0,0.0,29.8890563355289,46.53482527618622,0
3,1,chol,199,61.0,1.0,1.0,134.0,234.0,0.0,0.0,145.0,0.0,2.6,2.0,1.0,61.0,1.0,3.0,151.0,199.0,0.0,2.0,130.0,1.0,2.0,2.0,1.0,2.0,2.0,200.0,17.0,17.0,12.686567164179104,0.0,0.0,,2.0,2.0,,15.0,-15.0,-10.344827586206897,1.0,1.0,,0.6000000000000001,-0.6000000000000001,-23.076923076923077,0.0,0.0,0.0,22.87706274852609,37.6,0
3,2,chol,204,61.0,1.0,1.0,134.0,234.0,0.0,0.0,145.0,0.0,2.6,2.0,1.0,61.0,1.0,4.0,148.0,204.0,0.0,0.0,112.0,0.0,1.865174723813781,2.0,1.0,3.0,3.0,300.0,14.0,14.0,10.44776119402985,0.0,0.0,,0.0,0.0,,33.0,-33.0,-22.758620689655174,0.0,0.0,,0.7348252761862191,-0.7348252761862191,-28.262510622546888,0.0,0.0,0.0,35.97971606595197,50.73482527618622,0
3,3,chol,190,61.0,1.0,1.0,134.0,234.0,0.0,0.0,145.0,0.0,2.6,2.0,1.0,61.0,1.0,3.0,117.0,190.0,0.0,0.0,147.0,1.0,0.4348252761862189,1.0,0.0,2.0,2.0,200.0,17.0,-17.0,-12.686567164179104,0.0,0.0,,0.0,0.0,,2.0,2.0,1.3793103448275863,1.0,1.0,,2.1651747238137813,-2.1651747238137813,-83.27595091591466,1.0,-1.0,-50.0,17.426645735328474,25.16517472381378,1
3,4,chol,204,61.0,1.0,1.0,134.0,234.0,0.0,0.0,145.0,0.0,2.6,2.0,1.0,61.0,1.0,4.0,145.0,204.0,0.0,0.0,120.0,0.0,1.2,2.0,1.0,3.0,3.0,300.0,11.0,11.0,8.208955223880597,0.0,0.0,,0.0,0.0,,25.0,-25.0,-17.24137931034483,0.0,0.0,,1.4000000000000001,-1.4000000000000001,-53.846153846153854,0.0,0.0,0.0,27.51290606242823,40.4,0
