instance_id,cf_id,intervention_type,intervention_value,orig_age,orig_sex,orig_cp,orig_trestbps,orig_chol,orig_fbs,orig_restecg,orig_thalach,orig_exang,orig_oldpeak,orig_slope,orig_target,cf_age,cf_sex,cf_cp,cf_trestbps,cf_chol,cf_fbs,cf_restecg,cf_thalach,cf_exang,cf_oldpeak,cf_slope,cf_target,dist_cp,change_cp,pct_change_cp,dist_trestbps,change_trestbps,pct_change_trestbps,dist_fbs,change_fbs,pct_change_fbs,dist_restecg,change_restecg,pct_change_restecg,dist_thalach,change_thalach,pct_change_thalach,dist_exang,change_exang,pct_change_exang,dist_oldpeak,change_oldpeak,pct_change_oldpeak,dist_slope,change_slope,pct_change_slope,euclidean_distance,manhattan_distance,target_changed
40,0,chol,170,53.0,1.0,4.0,120.0,246.0,0.0,0.0,116.0,1.0,0.0,2.0,1.0,53.0,1.0,2.0,134.0,170.0,0.0,0.0,178.0,0.0,0.9348252761862189,1.0,0.0,2.0,-2.0,-50.0,14.0,14.0,11.666666666666666,0.0,0.0,,0.0,0.0,,62.0,62.0,53.44827586206896,1.0,-1.0,-100.0,0.9348252761862189,0.9348252761862189,,1.0,-1.0,-50.0,63.61504459085914,80.93482527618622,1
40,1,chol,206,53.0,1.0,4.0,120.0,246.0,0.0,0.0,116.0,1.0,0.0,2.0,1.0,53.0,1.0,3.0,108.0,206.0,0.0,0.0,105.0,0.0,0.0,1.0,0.0,1.0,-1.0,-25.0,12.0,-12.0,-10.0,0.0,0.0,,0.0,0.0,,11.0,-11.0,-9.482758620689655,1.0,-1.0,-100.0,0.0,0.0,,1.0,-1.0,-50.0,16.3707055437449,26.0,1
40,2,chol,153,53.0,1.0,4.0,120.0,246.0,0.0,0.0,116.0,1.0,0.0,2.0,1.0,53.0,1.0,2.0,119.0,153.0,0.0,0.0,181.0,0.0,0.8,1.0,0.0,2.0,-2.0,-50.0,1.0,-1.0,-0.8333333333333334,0.0,0.0,,0.0,0.0,,65.0,65.0,56.03448275862068,1.0,-1.0,-100.0,0.8,0.8,,1.0,-1.0,-50.0,65.05874268689797,70.8,1
40,3,chol,196,53.0,1.0,4.0,120.0,246.0,0.0,0.0,116.0,1.0,0.0,2.0,1.0,53.0,1.0,3.0,127.0,196.0,0.0,0.0,172.0,0.0,0.13482527618621887,1.0,0.0,1.0,-1.0,-25.0,7.0,7.0,5.833333333333333,0.0,0.0,,0.0,0.0,,56.0,56.0,48.275862068965516,1.0,-1.0,-100.0,0.13482527618621887,0.13482527618621887,,1.0,-1.0,-50.0,56.46253782690872,66.13482527618622,1
40,4,chol,214,53.0,1.0,4.0,120.0,246.0,0.0,0.0,116.0,1.0,0.0,2.0,1.0,53.0,1.0,4.0,136.0,214.0,0.0,2.0,98.0,1.0,1.0651747238137812,1.0,1.0,0.0,0.0,0.0,16.0,16.0,13.333333333333334,0.0,0.0,,2.0,2.0,,18.0,-18.0,-15.517241379310345,0.0,0.0,0.0,1.0651747238137812,1.0651747238137812,,1.0,-1.0,-50.0,24.210216793582248,38.06517472381378,0
