instance_id,cf_id,euclidean_distance,manhattan_distance,cp,trestbps,fbs,restecg,thalach,exang,oldpeak,slope
40,0,49.71921157862421,62.0,0.0,8.0,0.0,2.0,49.0,1.0,1.0,1.0
40,1,57.40209055426466,67.0,3.0,6.0,0.0,0.0,57.0,0.0,0.0,1.0
40,3,55.47071299343465,65.0,1.0,7.0,0.0,0.0,55.0,1.0,1.0,0.0
