instance_id,cf_id,intervention_type,intervention_value,orig_age,orig_sex,orig_cp,orig_trestbps,orig_chol,orig_fbs,orig_restecg,orig_thalach,orig_exang,orig_oldpeak,orig_slope,orig_target,cf_age,cf_sex,cf_cp,cf_trestbps,cf_chol,cf_fbs,cf_restecg,cf_thalach,cf_exang,cf_oldpeak,cf_slope,cf_target,dist_cp,change_cp,pct_change_cp,dist_trestbps,change_trestbps,pct_change_trestbps,dist_fbs,change_fbs,pct_change_fbs,dist_restecg,change_restecg,pct_change_restecg,dist_thalach,change_thalach,pct_change_thalach,dist_exang,change_exang,pct_change_exang,dist_oldpeak,change_oldpeak,pct_change_oldpeak,dist_slope,change_slope,pct_change_slope,euclidean_distance,manhattan_distance,target_changed
41,0,chol,200,48.0,1.0,4.0,120.0,260.0,0.0,0.0,115.0,0.0,2.0,2.0,1.0,48.0,1.0,4.0,98.0,200.0,0.0,0.0,140.0,0.0,0.034825276186219,1.0,0.0,0.0,0.0,0.0,22.0,-22.0,-18.333333333333332,0.0,0.0,,0.0,0.0,,25.0,25.0,21.73913043478261,0.0,0.0,,1.965174723813781,-1.965174723813781,-98.25873619068905,1.0,-1.0,-50.0,33.37456983535693,49.96517472381378,1
41,1,chol,151,48.0,1.0,4.0,120.0,260.0,0.0,0.0,115.0,0.0,2.0,2.0,1.0,48.0,1.0,3.0,120.0,151.0,0.0,2.0,182.0,0.0,0.0,1.0,0.0,1.0,-1.0,-25.0,0.0,0.0,0.0,0.0,0.0,,2.0,2.0,,67.0,67.0,58.26086956521739,0.0,0.0,,2.0,-2.0,-100.0,1.0,-1.0,-50.0,67.07458535093602,73.0,1
41,2,chol,218,48.0,1.0,4.0,120.0,260.0,0.0,0.0,115.0,0.0,2.0,2.0,1.0,48.0,1.0,3.0,106.0,218.0,0.0,0.0,132.0,0.0,0.0,1.0,0.0,1.0,-1.0,-25.0,14.0,-14.0,-11.666666666666666,0.0,0.0,,0.0,0.0,,17.0,17.0,14.782608695652174,0.0,0.0,,2.0,-2.0,-100.0,1.0,-1.0,-50.0,22.15851980616034,35.0,1
41,3,chol,229,48.0,1.0,4.0,120.0,260.0,0.0,0.0,115.0,0.0,2.0,2.0,1.0,48.0,1.0,3.0,134.0,229.0,0.0,0.0,140.0,1.0,0.0,1.0,0.0,1.0,-1.0,-25.0,14.0,14.0,11.666666666666666,0.0,0.0,,0.0,0.0,,25.0,25.0,21.73913043478261,1.0,1.0,,2.0,-2.0,-100.0,1.0,-1.0,-50.0,28.77498913987632,44.0,1
41,4,chol,212,48.0,1.0,4.0,120.0,260.0,0.0,0.0,115.0,0.0,2.0,2.0,1.0,48.0,1.0,4.0,151.0,212.0,0.0,0.0,160.0,0.0,0.8348252761862188,1.0,0.0,0.0,0.0,0.0,31.0,31.0,25.833333333333336,0.0,0.0,,0.0,0.0,,45.0,45.0,39.130434782608695,0.0,0.0,,1.1651747238137813,-1.1651747238137813,-58.25873619068906,1.0,-1.0,-50.0,54.6658726458932,78.16517472381378,1
