instance_id,cf_id,euclidean_distance,manhattan_distance,cp,trestbps,fbs,restecg,thalach,exang,oldpeak,slope
41,0,27.989998213647674,45.2,2.0,17.0,0.0,2.0,22.0,0.0,1.2,1.0
41,1,42.720018726587654,65.0,1.0,33.0,0.0,1.0,27.0,0.0,2.0,1.0
41,3,20.073417810361043,28.98547288808483,1.0,6.0,0.0,0.0,19.0,0.0,1.9854728880848276,1.0
41,4,55.91958512006326,75.0,3.0,14.0,0.0,1.0,54.0,0.0,2.0,1.0
