instance_id,cf_id,euclidean_distance,manhattan_distance,cp,trestbps,fbs,restecg,thalach,exang,oldpeak,slope
41,0,52.820450584977024,74.0,0.0,24.0,0.0,0.0,47.0,0.0,2.0,1.0
41,2,55.22945293215566,60.540806051369195,0.0,5.0,0.0,0.0,55.0,0.0,0.5408060513691941,0.0
41,3,60.48517671412249,84.8591939486308,1.0,25.0,0.0,0.0,55.0,0.0,1.859193948630806,2.0
