age,sex,cp,trestbps,chol,fbs,restecg,thalach,exang,oldpeak,slope,target,instance_id,cf_id
48,1,4,96,200,0,0,162,0,0.0,1,0,41,0
48,1,4,125,218,0,0,170,0,2.540806051369194,2,0,41,2
48,1,3,145,229,0,0,170,0,0.140806051369194,0,0,41,3
