instance_id,cf_id,intervention_type,intervention_value,orig_age,orig_sex,orig_cp,orig_trestbps,orig_chol,orig_fbs,orig_restecg,orig_thalach,orig_exang,orig_oldpeak,orig_slope,orig_target,cf_age,cf_sex,cf_cp,cf_trestbps,cf_chol,cf_fbs,cf_restecg,cf_thalach,cf_exang,cf_oldpeak,cf_slope,cf_target,dist_cp,change_cp,pct_change_cp,dist_trestbps,change_trestbps,pct_change_trestbps,dist_fbs,change_fbs,pct_change_fbs,dist_restecg,change_restecg,pct_change_restecg,dist_thalach,change_thalach,pct_change_thalach,dist_exang,change_exang,pct_change_exang,dist_oldpeak,change_oldpeak,pct_change_oldpeak,dist_slope,change_slope,pct_change_slope,euclidean_distance,manhattan_distance,target_changed
42,0,chol,150,67.0,1.0,4.0,146.0,369.0,0.0,0.0,110.0,1.0,1.9,2.0,1.0,67.0,1.0,3.0,140.0,150.0,0.0,0.0,117.0,0.0,4.565174723813781,2.0,1.0,1.0,-1.0,-25.0,6.0,-6.0,-4.10958904109589,0.0,0.0,,0.0,0.0,,7.0,7.0,6.363636363636363,1.0,-1.0,-100.0,2.6651747238137813,2.6651747238137813,140.27235388493585,0.0,0.0,0.0,9.700678136525088,17.66517472381378,0
42,1,chol,303,67.0,1.0,4.0,146.0,369.0,0.0,0.0,110.0,1.0,1.9,2.0,1.0,67.0,1.0,2.0,168.0,303.0,0.0,2.0,170.0,0.0,0.0,1.0,0.0,2.0,-2.0,-50.0,22.0,22.0,15.068493150684931,0.0,0.0,,2.0,2.0,,60.0,60.0,54.54545454545454,1.0,-1.0,-100.0,1.9,-1.9,-100.0,1.0,-1.0,-50.0,64.01257688923326,89.9,1
42,2,chol,204,67.0,1.0,4.0,146.0,369.0,0.0,0.0,110.0,1.0,1.9,2.0,1.0,67.0,1.0,4.0,120.0,204.0,0.0,0.0,105.0,1.0,2.565174723813781,2.0,2.0,0.0,0.0,0.0,26.0,-26.0,-17.80821917808219,0.0,0.0,,0.0,0.0,,5.0,-5.0,-4.545454545454546,0.0,0.0,0.0,0.6651747238137813,0.6651747238137813,35.00919599019902,0.0,0.0,0.0,26.484758964604545,31.66517472381378,0
42,3,chol,240,67.0,1.0,4.0,146.0,369.0,0.0,0.0,110.0,1.0,1.9,2.0,1.0,67.0,1.0,3.0,126.0,240.0,0.0,0.0,163.0,0.0,1.0,1.0,0.0,1.0,-1.0,-25.0,20.0,-20.0,-13.698630136986301,0.0,0.0,,0.0,0.0,,53.0,53.0,48.18181818181818,1.0,-1.0,-100.0,0.8999999999999999,-0.8999999999999999,-47.368421052631575,1.0,-1.0,-50.0,56.6816548805696,76.9,1
42,4,chol,190,67.0,1.0,4.0,146.0,369.0,0.0,0.0,110.0,1.0,1.9,2.0,1.0,67.0,1.0,4.0,177.0,190.0,0.0,0.0,120.0,1.0,2.0,2.0,1.0,0.0,0.0,0.0,31.0,31.0,21.232876712328768,0.0,0.0,,0.0,0.0,,10.0,10.0,9.090909090909092,0.0,0.0,0.0,0.10000000000000009,0.10000000000000009,5.263157894736848,0.0,0.0,0.0,32.57314845083293,41.1,0
