instance_id,cf_id,intervention_type,intervention_value,orig_age,orig_sex,orig_cp,orig_trestbps,orig_chol,orig_fbs,orig_restecg,orig_thalach,orig_exang,orig_oldpeak,orig_slope,orig_target,cf_age,cf_sex,cf_cp,cf_trestbps,cf_chol,cf_fbs,cf_restecg,cf_thalach,cf_exang,cf_oldpeak,cf_slope,cf_target,dist_cp,change_cp,pct_change_cp,dist_trestbps,change_trestbps,pct_change_trestbps,dist_fbs,change_fbs,pct_change_fbs,dist_restecg,change_restecg,pct_change_restecg,dist_thalach,change_thalach,pct_change_thalach,dist_exang,change_exang,pct_change_exang,dist_oldpeak,change_oldpeak,pct_change_oldpeak,dist_slope,change_slope,pct_change_slope,euclidean_distance,manhattan_distance,target_changed
43,0,chol,150,76.0,1.0,3.0,104.0,113.0,0.0,2.0,120.0,0.0,3.5,3.0,1.0,76.0,1.0,4.0,138.0,150.0,0.0,1.0,117.0,0.0,0.0,2.0,2.0,1.0,1.0,33.33333333333333,34.0,34.0,32.69230769230769,0.0,0.0,,1.0,-1.0,-50.0,3.0,-3.0,-2.5,0.0,0.0,,3.5,-3.5,-100.0,1.0,-1.0,-33.33333333333333,34.35476677260377,43.5,0
43,1,chol,127,76.0,1.0,3.0,104.0,113.0,0.0,2.0,120.0,0.0,3.5,3.0,1.0,76.0,1.0,4.0,146.0,127.0,0.0,0.0,100.0,0.0,0.0,3.0,2.0,1.0,1.0,33.33333333333333,42.0,42.0,40.38461538461539,0.0,0.0,,2.0,-2.0,-100.0,20.0,-20.0,-16.666666666666664,0.0,0.0,,3.5,-3.5,-100.0,0.0,0.0,0.0,46.703854230673514,68.5,0
43,2,chol,136,76.0,1.0,3.0,104.0,113.0,0.0,2.0,120.0,0.0,3.5,3.0,1.0,76.0,1.0,3.0,102.0,136.0,0.0,0.0,150.0,1.0,0.0,1.0,0.0,0.0,0.0,0.0,2.0,-2.0,-1.9230769230769231,0.0,0.0,,2.0,-2.0,-100.0,30.0,30.0,25.0,1.0,1.0,,3.5,-3.5,-100.0,2.0,-2.0,-66.66666666666666,30.41792234851026,40.5,1
43,3,chol,150,76.0,1.0,3.0,104.0,113.0,0.0,2.0,120.0,0.0,3.5,3.0,1.0,76.0,1.0,2.0,149.0,150.0,0.0,0.0,168.0,1.0,1.865174723813781,2.0,2.0,1.0,-1.0,-33.33333333333333,45.0,45.0,43.269230769230774,0.0,0.0,,2.0,-2.0,-100.0,48.0,48.0,40.0,1.0,1.0,,1.634825276186219,-1.634825276186219,-46.70929360532054,1.0,-1.0,-33.33333333333333,65.86860142498593,99.63482527618622,0
43,4,chol,137,76.0,1.0,3.0,104.0,113.0,0.0,2.0,120.0,0.0,3.5,3.0,1.0,76.0,1.0,4.0,130.0,137.0,0.0,2.0,150.0,1.0,2.065174723813781,2.0,1.0,1.0,1.0,33.33333333333333,26.0,26.0,25.0,0.0,0.0,,0.0,0.0,0.0,30.0,30.0,25.0,1.0,1.0,,1.4348252761862188,-1.4348252761862188,-40.995007891034824,1.0,-1.0,-33.33333333333333,39.76252913954522,60.43482527618622,0
