instance_id,cf_id,intervention_type,intervention_value,orig_age,orig_sex,orig_cp,orig_trestbps,orig_chol,orig_fbs,orig_restecg,orig_thalach,orig_exang,orig_oldpeak,orig_slope,orig_target,cf_age,cf_sex,cf_cp,cf_trestbps,cf_chol,cf_fbs,cf_restecg,cf_thalach,cf_exang,cf_oldpeak,cf_slope,cf_target,dist_cp,change_cp,pct_change_cp,dist_trestbps,change_trestbps,pct_change_trestbps,dist_fbs,change_fbs,pct_change_fbs,dist_restecg,change_restecg,pct_change_restecg,dist_thalach,change_thalach,pct_change_thalach,dist_exang,change_exang,pct_change_exang,dist_oldpeak,change_oldpeak,pct_change_oldpeak,dist_slope,change_slope,pct_change_slope,euclidean_distance,manhattan_distance,target_changed
44,0,chol,204,52.0,1.0,4.0,160.0,246.0,0.0,1.0,82.0,1.0,4.0,2.0,1.0,52.0,1.0,2.0,105.0,204.0,0.0,1.0,118.0,0.0,1.4348252761862188,1.0,0.0,2.0,-2.0,-50.0,55.0,-55.0,-34.375,0.0,0.0,,0.0,0.0,0.0,36.0,36.0,43.90243902439025,1.0,-1.0,-100.0,2.565174723813781,-2.565174723813781,-64.12936809534453,1.0,-1.0,-50.0,65.82993332340307,97.56517472381378,1
44,1,chol,215,52.0,1.0,4.0,160.0,246.0,0.0,1.0,82.0,1.0,4.0,2.0,1.0,52.0,1.0,2.0,137.0,215.0,0.0,0.0,136.0,0.0,0.0,2.0,0.0,2.0,-2.0,-50.0,23.0,-23.0,-14.374999999999998,0.0,0.0,,1.0,-1.0,-100.0,54.0,54.0,65.85365853658537,1.0,-1.0,-100.0,4.0,-4.0,-100.0,0.0,0.0,0.0,58.881236400062114,85.0,1
44,2,chol,212,52.0,1.0,4.0,160.0,246.0,0.0,1.0,82.0,1.0,4.0,2.0,1.0,52.0,1.0,2.0,145.0,212.0,0.0,0.0,122.0,1.0,1.0651747238137812,3.0,1.0,2.0,-2.0,-50.0,15.0,-15.0,-9.375,0.0,0.0,,1.0,-1.0,-100.0,40.0,40.0,48.78048780487805,0.0,0.0,0.0,2.934825276186219,-2.934825276186219,-73.37063190465547,1.0,1.0,50.0,42.89071227435774,61.93482527618622,0
44,3,chol,200,52.0,1.0,4.0,160.0,246.0,0.0,1.0,82.0,1.0,4.0,2.0,1.0,52.0,1.0,3.0,142.0,200.0,0.0,2.0,182.0,0.0,0.0,1.0,-1.0,1.0,-1.0,-25.0,18.0,-18.0,-11.25,0.0,0.0,,1.0,1.0,100.0,100.0,100.0,121.95121951219512,1.0,-1.0,-100.0,4.0,-4.0,-100.0,1.0,-1.0,-50.0,101.70545708072896,126.0,0
44,4,chol,199,52.0,1.0,4.0,160.0,246.0,0.0,1.0,82.0,1.0,4.0,2.0,1.0,52.0,1.0,4.0,130.0,199.0,0.0,0.0,108.0,0.0,1.665174723813781,2.0,1.0,0.0,0.0,0.0,30.0,-30.0,-18.75,0.0,0.0,,1.0,-1.0,-100.0,26.0,26.0,31.70731707317073,1.0,-1.0,-100.0,2.334825276186219,-2.334825276186219,-58.37063190465548,0.0,0.0,0.0,39.792604954568105,60.33482527618622,0
