instance_id,cf_id,euclidean_distance,manhattan_distance,cp,trestbps,fbs,restecg,thalach,exang,oldpeak,slope
44,0,44.21111110563488,69.25919394863081,1.0,28.0,0.0,1.0,34.0,1.0,3.2591939486308057,1.0
44,1,97.6165969494942,135.0,1.0,35.0,0.0,1.0,91.0,1.0,4.0,2.0
44,2,45.858477951192405,69.0,1.0,22.0,0.0,0.0,40.0,1.0,4.0,1.0
44,3,87.76043173283247,124.8591939486308,1.0,40.0,0.0,1.0,78.0,1.0,3.8591939486308062,0.0
