age,sex,cp,trestbps,chol,fbs,restecg,thalach,exang,oldpeak,slope,target,instance_id,cf_id
52,1,3,132,204,0,2,116,0,0.7408060513691941,1,0,44,0
52,1,3,125,215,0,2,173,0,0.0,0,0,44,1
52,1,3,138,212,0,1,122,0,0.0,1,0,44,2
52,1,3,120,200,0,0,160,0,0.140806051369194,2,0,44,3
