instance_id,cf_id,intervention_type,intervention_value,orig_age,orig_sex,orig_cp,orig_trestbps,orig_chol,orig_fbs,orig_restecg,orig_thalach,orig_exang,orig_oldpeak,orig_slope,orig_target,cf_age,cf_sex,cf_cp,cf_trestbps,cf_chol,cf_fbs,cf_restecg,cf_thalach,cf_exang,cf_oldpeak,cf_slope,cf_target,dist_cp,change_cp,pct_change_cp,dist_trestbps,change_trestbps,pct_change_trestbps,dist_fbs,change_fbs,pct_change_fbs,dist_restecg,change_restecg,pct_change_restecg,dist_thalach,change_thalach,pct_change_thalach,dist_exang,change_exang,pct_change_exang,dist_oldpeak,change_oldpeak,pct_change_oldpeak,dist_slope,change_slope,pct_change_slope,euclidean_distance,manhattan_distance,target_changed
45,0,chol,234,55.0,1.0,4.0,140.0,268.0,0.0,0.0,128.0,1.0,1.5,2.0,1.0,55.0,1.0,3.0,132.0,234.0,0.0,0.0,130.0,0.0,0.13482527618621887,1.0,0.0,1.0,-1.0,-25.0,8.0,-8.0,-5.714285714285714,0.0,0.0,,0.0,0.0,,2.0,2.0,1.5625,1.0,-1.0,-100.0,1.365174723813781,-1.365174723813781,-91.01164825425207,1.0,-1.0,-50.0,8.536023783152203,14.36517472381378,1
45,1,chol,204,55.0,1.0,4.0,140.0,268.0,0.0,0.0,128.0,1.0,1.5,2.0,1.0,55.0,1.0,4.0,139.0,204.0,0.0,1.0,140.0,1.0,0.0,2.0,1.0,0.0,0.0,0.0,1.0,-1.0,-0.7142857142857143,0.0,0.0,,1.0,1.0,,12.0,12.0,9.375,0.0,0.0,0.0,1.5,-1.5,-100.0,0.0,0.0,0.0,12.175795661885921,15.5,0
45,2,chol,200,55.0,1.0,4.0,140.0,268.0,0.0,0.0,128.0,1.0,1.5,2.0,1.0,55.0,1.0,4.0,139.0,200.0,0.0,0.0,90.0,1.0,0.0,3.0,1.0,0.0,0.0,0.0,1.0,-1.0,-0.7142857142857143,0.0,0.0,,0.0,0.0,,38.0,-38.0,-29.6875,0.0,0.0,0.0,1.5,-1.5,-100.0,1.0,1.0,50.0,38.05587996617606,41.5,0
45,3,chol,200,55.0,1.0,4.0,140.0,268.0,0.0,0.0,128.0,1.0,1.5,2.0,1.0,55.0,1.0,3.0,126.0,200.0,0.0,0.0,164.0,0.0,0.0,1.0,0.0,1.0,-1.0,-25.0,14.0,-14.0,-10.0,0.0,0.0,,0.0,0.0,,36.0,36.0,28.125,1.0,-1.0,-100.0,1.5,-1.5,-100.0,1.0,-1.0,-50.0,38.69431482789171,54.5,1
45,4,chol,235,55.0,1.0,4.0,140.0,268.0,0.0,0.0,128.0,1.0,1.5,2.0,1.0,55.0,1.0,4.0,136.0,235.0,0.0,0.0,162.0,1.0,0.10000000000000009,2.0,1.0,0.0,0.0,0.0,4.0,-4.0,-2.857142857142857,0.0,0.0,,0.0,0.0,,34.0,34.0,26.5625,0.0,0.0,0.0,1.4,-1.4,-93.33333333333333,0.0,0.0,0.0,34.263099684646164,39.4,0
