instance_id,cf_id,euclidean_distance,manhattan_distance,cp,trestbps,fbs,restecg,thalach,exang,oldpeak,slope
45,2,38.71495070628393,60.359193948630804,1.0,23.0,0.0,2.0,31.0,1.0,1.359193948630806,1.0
45,4,52.08886637276722,58.5,1.0,2.0,0.0,0.0,52.0,1.0,1.5,1.0
