instance_id,cf_id,intervention_type,intervention_value,orig_age,orig_sex,orig_cp,orig_trestbps,orig_chol,orig_fbs,orig_restecg,orig_thalach,orig_exang,orig_oldpeak,orig_slope,orig_target,cf_age,cf_sex,cf_cp,cf_trestbps,cf_chol,cf_fbs,cf_restecg,cf_thalach,cf_exang,cf_oldpeak,cf_slope,cf_target,dist_cp,change_cp,pct_change_cp,dist_trestbps,change_trestbps,pct_change_trestbps,dist_fbs,change_fbs,pct_change_fbs,dist_restecg,change_restecg,pct_change_restecg,dist_thalach,change_thalach,pct_change_thalach,dist_exang,change_exang,pct_change_exang,dist_oldpeak,change_oldpeak,pct_change_oldpeak,dist_slope,change_slope,pct_change_slope,euclidean_distance,manhattan_distance,target_changed
46,0,chol,248,67.0,1.0,4.0,160.0,286.0,0.0,2.0,108.0,1.0,1.5,2.0,1.0,67.0,1.0,4.0,118.0,248.0,0.0,1.0,161.0,1.0,2.065174723813781,2.0,1.0,0.0,0.0,0.0,42.0,-42.0,-26.25,0.0,0.0,,1.0,-1.0,-50.0,53.0,53.0,49.074074074074076,0.0,0.0,0.0,0.5651747238137812,0.5651747238137812,37.67831492091875,0.0,0.0,0.0,67.63371513134878,96.56517472381378,0
46,1,chol,202,67.0,1.0,4.0,160.0,286.0,0.0,2.0,108.0,1.0,1.5,2.0,1.0,67.0,1.0,3.0,126.0,202.0,0.0,2.0,124.0,1.0,0.0,2.0,2.0,1.0,-1.0,-25.0,34.0,-34.0,-21.25,0.0,0.0,,0.0,0.0,0.0,16.0,16.0,14.814814814814813,0.0,0.0,0.0,1.5,-1.5,-100.0,0.0,0.0,0.0,37.61980861195336,52.5,0
46,2,chol,204,67.0,1.0,4.0,160.0,286.0,0.0,2.0,108.0,1.0,1.5,2.0,1.0,67.0,1.0,4.0,123.0,204.0,0.0,2.0,146.0,1.0,1.5,2.0,1.0,0.0,0.0,0.0,37.0,-37.0,-23.125,0.0,0.0,,0.0,0.0,0.0,38.0,38.0,35.18518518518518,0.0,0.0,0.0,0.0,0.0,0.0,0.0,0.0,0.0,53.03772242470448,75.0,0
46,3,chol,240,67.0,1.0,4.0,160.0,286.0,0.0,2.0,108.0,1.0,1.5,2.0,1.0,67.0,1.0,4.0,151.0,240.0,0.0,1.0,95.0,1.0,2.8,2.0,1.0,0.0,0.0,0.0,9.0,-9.0,-5.625,0.0,0.0,,1.0,-1.0,-50.0,13.0,-13.0,-12.037037037037036,0.0,0.0,0.0,1.2999999999999998,1.2999999999999998,86.66666666666666,0.0,0.0,0.0,15.89622596719108,24.3,0
46,4,chol,226,67.0,1.0,4.0,160.0,286.0,0.0,2.0,108.0,1.0,1.5,2.0,1.0,67.0,1.0,4.0,138.0,226.0,0.0,1.0,160.0,1.0,1.8,3.0,1.0,0.0,0.0,0.0,22.0,-22.0,-13.750000000000002,0.0,0.0,,1.0,-1.0,-50.0,52.0,52.0,48.148148148148145,0.0,0.0,0.0,0.30000000000000004,0.30000000000000004,20.000000000000004,1.0,1.0,50.0,56.48088172116296,76.3,0
