instance_id,cf_id,euclidean_distance,manhattan_distance,cp,trestbps,fbs,restecg,thalach,exang,oldpeak,slope
47,0,25.474912302364267,34.98547288808483,2.0,4.0,0.0,1.0,25.0,1.0,0.9854728880848276,1.0
47,1,60.19136150644875,69.0,1.0,4.0,0.0,0.0,60.0,1.0,2.0,1.0
