instance_id,cf_id,intervention_type,intervention_value,orig_age,orig_sex,orig_cp,orig_trestbps,orig_chol,orig_fbs,orig_restecg,orig_thalach,orig_exang,orig_oldpeak,orig_slope,orig_target,cf_age,cf_sex,cf_cp,cf_trestbps,cf_chol,cf_fbs,cf_restecg,cf_thalach,cf_exang,cf_oldpeak,cf_slope,cf_target,dist_cp,change_cp,pct_change_cp,dist_trestbps,change_trestbps,pct_change_trestbps,dist_fbs,change_fbs,pct_change_fbs,dist_restecg,change_restecg,pct_change_restecg,dist_thalach,change_thalach,pct_change_thalach,dist_exang,change_exang,pct_change_exang,dist_oldpeak,change_oldpeak,pct_change_oldpeak,dist_slope,change_slope,pct_change_slope,euclidean_distance,manhattan_distance,target_changed
4,0,chol,148,62.0,0.0,4.0,160.0,164.0,0.0,2.0,145.0,0.0,6.2,3.0,1.0,62.0,0.0,3.0,135.0,148.0,0.0,2.0,123.0,0.0,0.0,1.0,0.0,1.0,-1.0,-25.0,25.0,-25.0,-15.625,0.0,0.0,,0.0,0.0,0.0,22.0,-22.0,-15.172413793103448,0.0,0.0,,6.2,-6.2,-100.0,2.0,-2.0,-66.66666666666666,33.947606690310295,56.2,1
4,1,chol,148,62.0,0.0,4.0,160.0,164.0,0.0,2.0,145.0,0.0,6.2,3.0,1.0,62.0,0.0,3.0,133.0,148.0,0.0,1.0,140.0,0.0,0.0,1.0,0.0,1.0,-1.0,-25.0,27.0,-27.0,-16.875,0.0,0.0,,1.0,-1.0,-50.0,5.0,-5.0,-3.4482758620689653,0.0,0.0,,6.2,-6.2,-100.0,2.0,-2.0,-66.66666666666666,28.256680626004183,42.2,1
4,2,chol,148,62.0,0.0,4.0,160.0,164.0,0.0,2.0,145.0,0.0,6.2,3.0,1.0,62.0,0.0,3.0,126.0,148.0,0.0,1.0,132.0,0.0,0.0,1.0,0.0,1.0,-1.0,-25.0,34.0,-34.0,-21.25,0.0,0.0,,1.0,-1.0,-50.0,13.0,-13.0,-8.96551724137931,0.0,0.0,,6.2,-6.2,-100.0,2.0,-2.0,-66.66666666666666,37.00594546826226,57.2,1
4,3,chol,148,62.0,0.0,4.0,160.0,164.0,0.0,2.0,145.0,0.0,6.2,3.0,1.0,62.0,0.0,3.0,127.0,148.0,0.0,0.0,165.0,0.0,0.0,1.0,0.0,1.0,-1.0,-25.0,33.0,-33.0,-20.625,0.0,0.0,,2.0,-2.0,-100.0,20.0,20.0,13.793103448275861,0.0,0.0,,6.2,-6.2,-100.0,2.0,-2.0,-66.66666666666666,39.19744889657999,64.2,1
4,4,chol,149,62.0,0.0,4.0,160.0,164.0,0.0,2.0,145.0,0.0,6.2,3.0,1.0,62.0,0.0,3.0,130.0,149.0,0.0,0.0,111.0,0.0,0.13482527618621887,1.0,0.0,1.0,-1.0,-25.0,30.0,-30.0,-18.75,0.0,0.0,,2.0,-2.0,-100.0,34.0,-34.0,-23.448275862068964,0.0,0.0,,6.065174723813781,-6.065174723813781,-97.82539877119002,2.0,-2.0,-66.66666666666666,45.84524342208676,75.06517472381378,1
