instance_id,cf_id,euclidean_distance,manhattan_distance,cp,trestbps,fbs,restecg,thalach,exang,oldpeak,slope
4,0,32.50292294548292,48.2,2.0,31.0,0.0,0.0,7.0,0.0,6.2,2.0
4,1,31.41910246967599,47.4,2.0,30.0,0.0,1.0,7.0,0.0,5.4,2.0
4,3,39.018457170933864,64.2,2.0,30.0,0.0,0.0,24.0,0.0,6.2,2.0
4,4,39.565641660410364,61.2,2.0,36.0,0.0,1.0,15.0,0.0,6.2,1.0
