instance_id,cf_id,euclidean_distance,manhattan_distance,cp,trestbps,fbs,restecg,thalach,exang,oldpeak,slope
4,0,46.770075903295265,61.2,2.0,46.0,0.0,0.0,5.0,0.0,6.2,2.0
4,1,26.611432034709175,46.75919394863081,2.0,21.0,0.0,1.0,15.0,0.0,5.759193948630806,2.0
4,2,18.080504344693857,27.559193948630806,1.0,1.0,0.0,2.0,17.0,0.0,5.559193948630806,1.0
4,3,50.50628090318575,81.45919394863081,1.0,36.0,0.0,2.0,35.0,1.0,4.459193948630807,2.0
4,4,26.204181364608875,46.25919394863081,2.0,19.0,0.0,2.0,17.0,0.0,5.259193948630806,1.0
