age,sex,cp,trestbps,chol,fbs,restecg,thalach,exang,oldpeak,slope,target,instance_id,cf_id
62,0,2,114,148,0,2,150,0,0.0,1,0,4,0
62,0,2,139,148,0,1,160,0,0.44080605136919404,1,0,4,1
62,0,3,159,148,0,0,162,0,0.640806051369194,2,0,4,2
62,0,3,124,148,0,0,110,1,1.7408060513691939,1,0,4,3
62,0,2,141,149,0,0,128,0,0.940806051369194,2,0,4,4
