instance_id,cf_id,intervention_type,intervention_value,orig_age,orig_sex,orig_cp,orig_trestbps,orig_chol,orig_fbs,orig_restecg,orig_thalach,orig_exang,orig_oldpeak,orig_slope,orig_target,cf_age,cf_sex,cf_cp,cf_trestbps,cf_chol,cf_fbs,cf_restecg,cf_thalach,cf_exang,cf_oldpeak,cf_slope,cf_target,dist_cp,change_cp,pct_change_cp,dist_trestbps,change_trestbps,pct_change_trestbps,dist_fbs,change_fbs,pct_change_fbs,dist_restecg,change_restecg,pct_change_restecg,dist_thalach,change_thalach,pct_change_thalach,dist_exang,change_exang,pct_change_exang,dist_oldpeak,change_oldpeak,pct_change_oldpeak,dist_slope,change_slope,pct_change_slope,euclidean_distance,manhattan_distance,target_changed
5,0,chol,214,61.0,1.0,4.0,120.0,260.0,0.0,0.0,140.0,1.0,3.6,2.0,1.0,61.0,1.0,4.0,114.0,214.0,0.0,0.0,152.0,1.0,2.6651747238137813,2.0,2.0,0.0,0.0,0.0,6.0,-6.0,-5.0,0.0,0.0,,0.0,0.0,,12.0,12.0,8.571428571428571,0.0,0.0,0.0,0.9348252761862188,-0.9348252761862188,-25.967368782950523,0.0,0.0,0.0,13.44893669763512,18.934825276186217,0
5,1,chol,200,61.0,1.0,4.0,120.0,260.0,0.0,0.0,140.0,1.0,3.6,2.0,1.0,61.0,1.0,4.0,142.0,200.0,0.0,0.0,131.0,1.0,1.4,3.0,1.0,0.0,0.0,0.0,22.0,22.0,18.333333333333332,0.0,0.0,,0.0,0.0,,9.0,-9.0,-6.428571428571428,0.0,0.0,0.0,2.2,-2.2,-61.111111111111114,1.0,1.0,50.0,23.892258160333025,34.2,0
5,2,chol,214,61.0,1.0,4.0,120.0,260.0,0.0,0.0,140.0,1.0,3.6,2.0,1.0,61.0,1.0,3.0,144.0,214.0,0.0,0.0,152.0,1.0,0.10000000000000009,2.0,1.0,1.0,-1.0,-25.0,24.0,24.0,20.0,0.0,0.0,,0.0,0.0,,12.0,12.0,8.571428571428571,0.0,0.0,0.0,3.5,-3.5,-97.22222222222221,0.0,0.0,0.0,27.07858932810201,40.5,0
5,3,chol,204,61.0,1.0,4.0,120.0,260.0,0.0,0.0,140.0,1.0,3.6,2.0,1.0,61.0,1.0,4.0,117.0,204.0,0.0,0.0,161.0,1.0,1.0651747238137812,2.0,1.0,0.0,0.0,0.0,3.0,-3.0,-2.5,0.0,0.0,,0.0,0.0,,21.0,21.0,15.0,0.0,0.0,0.0,2.534825276186219,-2.534825276186219,-70.41181322739497,0.0,0.0,0.0,21.364113348809788,26.53482527618622,0
5,4,chol,157,61.0,1.0,4.0,120.0,260.0,0.0,0.0,140.0,1.0,3.6,2.0,1.0,61.0,1.0,2.0,130.0,157.0,0.0,0.0,140.0,0.0,0.0,1.0,0.0,2.0,-2.0,-50.0,10.0,10.0,8.333333333333332,0.0,0.0,,0.0,0.0,,0.0,0.0,0.0,1.0,-1.0,-100.0,3.6,-3.6,-100.0,1.0,-1.0,-50.0,10.906878563548785,17.6,1
