instance_id,cf_id,intervention_type,intervention_value,orig_age,orig_sex,orig_cp,orig_trestbps,orig_chol,orig_fbs,orig_restecg,orig_thalach,orig_exang,orig_oldpeak,orig_slope,orig_target,cf_age,cf_sex,cf_cp,cf_trestbps,cf_chol,cf_fbs,cf_restecg,cf_thalach,cf_exang,cf_oldpeak,cf_slope,cf_target,dist_cp,change_cp,pct_change_cp,dist_trestbps,change_trestbps,pct_change_trestbps,dist_fbs,change_fbs,pct_change_fbs,dist_restecg,change_restecg,pct_change_restecg,dist_thalach,change_thalach,pct_change_thalach,dist_exang,change_exang,pct_change_exang,dist_oldpeak,change_oldpeak,pct_change_oldpeak,dist_slope,change_slope,pct_change_slope,euclidean_distance,manhattan_distance,target_changed
6,0,chol,202,59.0,1.0,4.0,140.0,264.0,1.0,2.0,119.0,1.0,0.0,2.0,1.0,59.0,1.0,4.0,124.0,202.0,1.0,0.0,140.0,1.0,1.2651747238137812,2.0,1.0,0.0,0.0,0.0,16.0,-16.0,-11.428571428571429,0.0,0.0,0.0,2.0,-2.0,-100.0,21.0,21.0,17.647058823529413,0.0,0.0,0.0,1.2651747238137812,1.2651747238137812,,0.0,0.0,0.0,26.506615534273273,40.26517472381378,0
6,1,chol,198,59.0,1.0,4.0,140.0,264.0,1.0,2.0,119.0,1.0,0.0,2.0,1.0,59.0,1.0,3.0,120.0,198.0,1.0,0.0,123.0,0.0,1.2,2.0,0.0,1.0,-1.0,-25.0,20.0,-20.0,-14.285714285714285,0.0,0.0,0.0,2.0,-2.0,-100.0,4.0,4.0,3.361344537815126,1.0,-1.0,-100.0,1.2,1.2,,0.0,0.0,0.0,20.57765778702717,29.2,1
6,2,chol,223,59.0,1.0,4.0,140.0,264.0,1.0,2.0,119.0,1.0,0.0,2.0,1.0,59.0,1.0,3.0,123.0,223.0,1.0,2.0,139.0,0.0,1.0,1.0,0.0,1.0,-1.0,-25.0,17.0,-17.0,-12.142857142857142,0.0,0.0,0.0,0.0,0.0,0.0,20.0,20.0,16.80672268907563,1.0,-1.0,-100.0,1.0,1.0,,1.0,-1.0,-50.0,26.324893162176366,41.0,1
6,3,chol,171,59.0,1.0,4.0,140.0,264.0,1.0,2.0,119.0,1.0,0.0,2.0,1.0,59.0,1.0,4.0,147.0,171.0,1.0,0.0,130.0,1.0,1.0651747238137812,1.0,1.0,0.0,0.0,0.0,7.0,7.0,5.0,0.0,0.0,0.0,2.0,-2.0,-100.0,11.0,11.0,9.243697478991598,0.0,0.0,0.0,1.0651747238137812,1.0651747238137812,,1.0,-1.0,-50.0,13.271571014474954,22.065174723813783,0
6,4,chol,220,59.0,1.0,4.0,140.0,264.0,1.0,2.0,119.0,1.0,0.0,2.0,1.0,59.0,1.0,4.0,149.0,220.0,1.0,0.0,160.0,1.0,1.0651747238137812,2.0,1.0,0.0,0.0,0.0,9.0,9.0,6.428571428571428,0.0,0.0,0.0,2.0,-2.0,-100.0,41.0,41.0,34.45378151260504,0.0,0.0,0.0,1.0651747238137812,1.0651747238137812,,0.0,0.0,0.0,42.037300070202555,53.06517472381378,0
