instance_id,cf_id,intervention_type,intervention_value,orig_age,orig_sex,orig_cp,orig_trestbps,orig_chol,orig_fbs,orig_restecg,orig_thalach,orig_exang,orig_oldpeak,orig_slope,orig_target,cf_age,cf_sex,cf_cp,cf_trestbps,cf_chol,cf_fbs,cf_restecg,cf_thalach,cf_exang,cf_oldpeak,cf_slope,cf_target,dist_cp,change_cp,pct_change_cp,dist_trestbps,change_trestbps,pct_change_trestbps,dist_fbs,change_fbs,pct_change_fbs,dist_restecg,change_restecg,pct_change_restecg,dist_thalach,change_thalach,pct_change_thalach,dist_exang,change_exang,pct_change_exang,dist_oldpeak,change_oldpeak,pct_change_oldpeak,dist_slope,change_slope,pct_change_slope,euclidean_distance,manhattan_distance,target_changed
7,0,chol,152,57.0,1.0,4.0,156.0,173.0,0.0,2.0,119.0,1.0,3.0,3.0,1.0,57.0,1.0,4.0,142.0,152.0,0.0,1.0,150.0,1.0,0.3999999999999999,1.0,1.0,0.0,0.0,0.0,14.0,-14.0,-8.974358974358974,0.0,0.0,,1.0,-1.0,-50.0,31.0,31.0,26.05042016806723,0.0,0.0,0.0,2.6,-2.6,-86.66666666666667,2.0,-2.0,-66.66666666666666,34.18713208211534,50.6,0
7,1,chol,152,57.0,1.0,4.0,156.0,173.0,0.0,2.0,119.0,1.0,3.0,3.0,1.0,57.0,1.0,4.0,128.0,152.0,0.0,1.0,105.0,1.0,2.065174723813781,2.0,1.0,0.0,0.0,0.0,28.0,-28.0,-17.94871794871795,0.0,0.0,,1.0,-1.0,-50.0,14.0,-14.0,-11.76470588235294,0.0,0.0,0.0,0.9348252761862188,-0.9348252761862188,-31.160842539540628,1.0,-1.0,-33.33333333333333,31.350819738836122,44.93482527618622,0
7,2,chol,150,57.0,1.0,4.0,156.0,173.0,0.0,2.0,119.0,1.0,3.0,3.0,1.0,57.0,1.0,3.0,162.0,150.0,0.0,0.0,144.0,1.0,1.4,3.0,1.0,1.0,-1.0,-25.0,6.0,6.0,3.8461538461538463,0.0,0.0,,2.0,-2.0,-100.0,25.0,25.0,21.008403361344538,0.0,0.0,0.0,1.6,-1.6,-53.333333333333336,0.0,0.0,0.0,25.85652722234755,35.6,0
7,3,chol,156,57.0,1.0,4.0,156.0,173.0,0.0,2.0,119.0,1.0,3.0,3.0,1.0,57.0,1.0,4.0,128.0,156.0,0.0,0.0,160.0,1.0,1.0651747238137812,2.0,1.0,0.0,0.0,0.0,28.0,-28.0,-17.94871794871795,0.0,0.0,,2.0,-2.0,-100.0,41.0,41.0,34.45378151260504,0.0,0.0,0.0,1.9348252761862188,-1.9348252761862188,-64.49417587287397,1.0,-1.0,-33.33333333333333,49.73674244308094,73.93482527618622,0
7,4,chol,156,57.0,1.0,4.0,156.0,173.0,0.0,2.0,119.0,1.0,3.0,3.0,1.0,57.0,1.0,4.0,138.0,156.0,0.0,1.0,126.0,1.0,1.0651747238137812,2.0,1.0,0.0,0.0,0.0,18.0,-18.0,-11.538461538461538,0.0,0.0,,1.0,-1.0,-50.0,7.0,7.0,5.88235294117647,0.0,0.0,0.0,1.9348252761862188,-1.9348252761862188,-64.49417587287397,1.0,-1.0,-33.33333333333333,19.461334713975017,28.934825276186217,0
