instance_id,cf_id,intervention_type,intervention_value,orig_age,orig_sex,orig_cp,orig_trestbps,orig_chol,orig_fbs,orig_restecg,orig_thalach,orig_exang,orig_oldpeak,orig_slope,orig_target,cf_age,cf_sex,cf_cp,cf_trestbps,cf_chol,cf_fbs,cf_restecg,cf_thalach,cf_exang,cf_oldpeak,cf_slope,cf_target,dist_cp,change_cp,pct_change_cp,dist_trestbps,change_trestbps,pct_change_trestbps,dist_fbs,change_fbs,pct_change_fbs,dist_restecg,change_restecg,pct_change_restecg,dist_thalach,change_thalach,pct_change_thalach,dist_exang,change_exang,pct_change_exang,dist_oldpeak,change_oldpeak,pct_change_oldpeak,dist_slope,change_slope,pct_change_slope,euclidean_distance,manhattan_distance,target_changed
8,0,chol,147,72.0,1.0,4.0,160.0,123.0,1.0,2.0,130.0,0.0,1.5,2.0,1.0,72.0,1.0,4.0,156.0,147.0,1.0,2.0,99.0,1.0,1.0651747238137812,2.0,1.0,0.0,0.0,0.0,4.0,-4.0,-2.5,0.0,0.0,0.0,0.0,0.0,0.0,31.0,-31.0,-23.846153846153847,1.0,1.0,,0.4348252761862188,-0.4348252761862188,-28.98835174574792,0.0,0.0,0.0,31.276014340398465,36.43482527618622,0
8,1,chol,124,72.0,1.0,4.0,160.0,123.0,1.0,2.0,130.0,0.0,1.5,2.0,1.0,72.0,1.0,4.0,145.0,124.0,1.0,0.0,96.0,1.0,1.465174723813781,2.0,1.0,0.0,0.0,0.0,15.0,-15.0,-9.375,0.0,0.0,0.0,2.0,-2.0,-100.0,34.0,-34.0,-26.153846153846157,1.0,1.0,,0.03482527618621889,-0.03482527618621889,-2.3216850790812593,0.0,0.0,0.0,37.22903722633532,52.03482527618622,0
8,2,chol,150,72.0,1.0,4.0,160.0,123.0,1.0,2.0,130.0,0.0,1.5,2.0,1.0,72.0,1.0,2.0,164.0,150.0,1.0,2.0,112.0,1.0,1.0651747238137812,2.0,1.0,2.0,-2.0,-50.0,4.0,4.0,2.5,0.0,0.0,0.0,0.0,0.0,0.0,18.0,-18.0,-13.846153846153847,1.0,1.0,,0.4348252761862188,-0.4348252761862188,-28.98835174574792,0.0,0.0,0.0,18.57926459849287,25.434825276186217,0
8,3,chol,147,72.0,1.0,4.0,160.0,123.0,1.0,2.0,130.0,0.0,1.5,2.0,1.0,72.0,1.0,4.0,120.0,147.0,1.0,0.0,160.0,1.0,3.065174723813781,3.0,1.0,0.0,0.0,0.0,40.0,-40.0,-25.0,0.0,0.0,0.0,2.0,-2.0,-100.0,30.0,30.0,23.076923076923077,1.0,1.0,,1.5651747238137812,1.5651747238137812,104.34498158758541,1.0,1.0,50.0,50.08442644092139,75.56517472381378,0
8,4,chol,114,72.0,1.0,4.0,160.0,123.0,1.0,2.0,130.0,0.0,1.5,2.0,1.0,72.0,1.0,3.0,139.0,114.0,1.0,2.0,167.0,0.0,0.0,1.0,0.0,1.0,-1.0,-25.0,21.0,-21.0,-13.125,0.0,0.0,0.0,0.0,0.0,0.0,37.0,37.0,28.46153846153846,0.0,0.0,,1.5,-1.5,-100.0,1.0,-1.0,-50.0,42.59401366389413,61.5,1
