instance_id,cf_id,intervention_type,intervention_value,orig_age,orig_sex,orig_cp,orig_trestbps,orig_chol,orig_fbs,orig_restecg,orig_thalach,orig_exang,orig_oldpeak,orig_slope,orig_target,cf_age,cf_sex,cf_cp,cf_trestbps,cf_chol,cf_fbs,cf_restecg,cf_thalach,cf_exang,cf_oldpeak,cf_slope,cf_target,dist_cp,change_cp,pct_change_cp,dist_trestbps,change_trestbps,pct_change_trestbps,dist_fbs,change_fbs,pct_change_fbs,dist_restecg,change_restecg,pct_change_restecg,dist_thalach,change_thalach,pct_change_thalach,dist_exang,change_exang,pct_change_exang,dist_oldpeak,change_oldpeak,pct_change_oldpeak,dist_slope,change_slope,pct_change_slope,euclidean_distance,manhattan_distance,target_changed
9,0,chol,190,72.0,1.0,4.0,143.0,211.0,0.0,0.0,109.0,1.0,1.4,2.0,1.0,72.0,1.0,4.0,144.0,190.0,0.0,1.0,142.0,1.0,1.6,2.0,1.0,0.0,0.0,0.0,1.0,1.0,0.6993006993006993,0.0,0.0,,1.0,1.0,,33.0,33.0,30.275229357798167,0.0,0.0,0.0,0.20000000000000018,0.20000000000000018,14.285714285714299,0.0,0.0,0.0,33.030894629119565,35.2,0
9,1,chol,177,72.0,1.0,4.0,143.0,211.0,0.0,0.0,109.0,1.0,1.4,2.0,1.0,72.0,1.0,3.0,163.0,177.0,0.0,0.0,128.0,1.0,1.9348252761862188,1.0,0.0,1.0,-1.0,-25.0,20.0,20.0,13.986013986013987,0.0,0.0,,0.0,0.0,,19.0,19.0,17.431192660550458,0.0,0.0,0.0,0.5348252761862189,0.5348252761862189,38.201805441872786,1.0,-1.0,-50.0,27.627631785515884,41.53482527618622,1
9,2,chol,186,72.0,1.0,4.0,143.0,211.0,0.0,0.0,109.0,1.0,1.4,2.0,1.0,72.0,1.0,2.0,142.0,186.0,0.0,2.0,189.0,0.0,0.0,1.0,0.0,2.0,-2.0,-50.0,1.0,-1.0,-0.6993006993006993,0.0,0.0,,2.0,2.0,,80.0,80.0,73.39449541284404,1.0,-1.0,-100.0,1.4,-1.4,-100.0,1.0,-1.0,-50.0,80.08095903521635,88.4,1
9,3,chol,150,72.0,1.0,4.0,143.0,211.0,0.0,0.0,109.0,1.0,1.4,2.0,1.0,72.0,1.0,4.0,146.0,150.0,0.0,1.0,153.0,1.0,1.0651747238137812,2.0,1.0,0.0,0.0,0.0,3.0,3.0,2.097902097902098,0.0,0.0,,1.0,1.0,,44.0,44.0,40.36697247706422,0.0,0.0,0.0,0.3348252761862187,-0.3348252761862187,-23.91609115615848,0.0,0.0,0.0,44.114760658600126,48.334825276186216,0
9,4,chol,188,72.0,1.0,4.0,143.0,211.0,0.0,0.0,109.0,1.0,1.4,2.0,1.0,72.0,1.0,4.0,131.0,188.0,0.0,2.0,165.0,0.0,1.0651747238137812,2.0,1.0,0.0,0.0,0.0,12.0,-12.0,-8.391608391608392,0.0,0.0,,2.0,2.0,,56.0,56.0,51.37614678899083,1.0,-1.0,-100.0,0.3348252761862187,-0.3348252761862187,-23.91609115615848,0.0,0.0,0.0,57.315897515136,71.33482527618622,0
